TXN_ID,TXN_DATE,CARD_NO,MERCH_ID,TYPE,AMT,CCY,STATUS,FLAG_INTL
TXN0011155,15-05-2024,CARD00146,MERC00357,PURCHASE,89.43,GBP,A,0
TXN0004747,45429,CARD00178,MERC00128,PURCHASE,56.08,GBP,A,0
TXN0007494,08-03-2024,CARD00040,MERC00293,PURCHASE,768.22,USD,A,1
TXN0002862,06-06-2024,CARD00345,MERC00049  , PURCHASE ,99.18,EUR,A,0
TXN0010241,16-05-2024,CARD00405,MERC00330,PURCHASE,82.46,INR,A,0
TXN0012248,12-04-2024,CARD00766,MERC00185,PURCHASE,86.3,GBP,A,0
TXN0007259,31-01-2024,CARD00542,MERC00215,PURCHASE,38.89,EUR,A,0
TXN0015466  ,16-06-2024,CARD00614,MERC00253,PURCHASE,715.0,SGD,A,0
TXN0008425,12-03-2024,CARD00221,MERC00170,PURCHASE,34.09,SGD,A,0
TXN0002572,04-02-2024,CARD00302,MERC00104,PURCHASE,113.74,EUR,A,0
TXN0012014,45437,CARD00605,MERC00318,PURCHASE,163.98,AED,A,0
  TXN0003506,25-05-2024,CARD00168,MERC00388,ATM WITHDRAWAL,100.0,INR,A,0
TXN0014964,20-01-2024,CARD00526,MERC00086,PURCHASE,30.78,MXN,A,0
TXN0005136,21-06-2024,CARD00027,MERC00305,PURCHASE,13.16,AED,A,0
TXN0011106,45368,CARD00318,MERC00324,PURCHASE,92.07,EUR,A,0
TXN0002654,45337,CARD00639,MERC00385,ATM WITHDRAWAL,$60.00,GBP,A,0
TXN0011447,20-02-2024,CARD00425,MERC00026,PURCHASE,89.68,GBP,A,0
TXN0004442,28-04-2024,CARD00259,MERC00138,PURCHASE,69.2,SGD,A,0
TXN0009723,10-04-2024,CARD00277,MERC00061,PURCHASE,51.67,BRL,A,0
TXN0006579,07-06-2024,  CARD00633,MERC00034,PURCHASE,78.49,CAD,A,0
TXN0000540,04-01-2024,CARD00038,MERC00384,ATM WITHDRAWAL,100.0,USD,A,0
TXN0006550,03-04-2024,CARD00012,MERC00031,PURCHASE,33.51,AUD,A,1
TXN0013848,17-04-2024,CARD00785,MERC00160,PURCHASE,87.2,GBP,A,0
TXN0000899  ,15-06-2024,CARD00625,MERC00175,PURCHASE,24.28,USD,A,0
TXN0000421,04-02-2024,CARD00155,MERC00324,PURCHASE,90.52,USD,A,1
TXN0014496,17-05-2024,CARD00079,MERC00111,PURCHASE,57.33,EUR,A,0
TXN0002190,45384,CARD00223,MERC00263,PURCHASE,3.08,BRL,A,0
TXN0013000,01-01-2024,CARD00483,MERC00177,PURCHASE,24.09,SGD,A,0
TXN0005017,45384,CARD00420,MERC00323,BALANCE TRANSFER,601.3,INR,A,0
TXN0015450,45330,CARD00481,MERC00061,PURCHASE,90.92,BRL,A,0
TXN0007770,45357,CARD00286,MERC00259,PURCHASE,55.03,EUR,A,0
TXN0001579,45413,CARD00481,MERC00166,PURCHASE,28.73,BRL,A,0
TXN0002612,30-04-2024,CARD00125,MERC00247,PURCHASE,31.07,USD,A,0
TXN0000337,16-01-2024,CARD00181,MERC00171,PURCHASE,565.63,SGD,A,1
TXN0011300,11-04-2024,CARD00372,MERC00311,BALANCE TRANSFER,346.42,AUD,A,0
TXN0003753,15-01-2024,CARD00207,MERC00228, CASH ADVANCE ,224.1,GBP,A,0
TXN0001869,28-01-2024,CARD00296,MERC00263,PURCHASE,7.39,BRL,A,0
TXN0009753,03-02-2024,CARD00356,MERC00159,PURCHASE,309.83,USD,A,0
TXN0014949,28-02-2024,CARD00649,MERC00173,PURCHASE,84.46,USD,D,0
TXN0008965,23-01-2024,CARD00134,MERC00143,PURCHASE,$114.19,USD,A,0
TXN0011880,23-02-2024,CARD00742,MERC00266,PURCHASE,66.86,CAD,A,0
TXN0003768,16-03-2024,CARD00795,MERC00393,ATM WITHDRAWAL,100.0,USD,A,0
TXN0003582,17-03-2024,CARD00699,MERC00013,PURCHASE,38.86,USD,A,0
TXN0008417,23-06-2024,CARD00704,MERC00007, PURCHASE ,38.9,AUD,A,0
TXN0012647,17-04-2024,CARD00770,MERC00284,PURCHASE,84.1,USD,A,0
TXN0004255,09-05-2024,CARD00748,MERC00270,PURCHASE,24.89,USD,A,0
TXN0000536,11-03-2024,CARD00328,MERC00218,BALANCE TRANSFER,1348.1,USD,A,0
TXN0007005,13-05-2024,CARD00109,MERC00187,PURCHASE,21.02,AUD,A,0
TXN0001677,13-04-2024,CARD00366,MERC00206,PURCHASE,356.88,USD,A,0
TXN0006751,45437,CARD00562,MERC00143,PURCHASE,74.18,USD,A,0
TXN0015955,25-05-2024,CARD00620 ,MERC00141,BALANCE TRANSFER,549.4,BRL,A,0
TXN0010656,15-06-2024,CARD00729,MERC00234,PURCHASE,114.26,GBP,A,0
TXN0004434,18-05-2024,CARD00739,MERC00187,PURCHASE,33.09,AUD,A,0
TXN0015173,10-04-2024,CARD00462,MERC00072,PURCHASE,30.87,CAD,A,0
TXN0007009,45397,CARD00029,MERC00051,CASH ADVANCE,199.66,USD,A,0
TXN0014909,01-06-2024,CARD00423,MERC00062,PURCHASE,246.97,EUR,A,0
TXN0012759,28-01-2024,CARD00144,MERC00139,PURCHASE,44.2,INR,A,0
TXN0011922,18-01-2024,CARD00713,MERC00107,PURCHASE ,46.02,CAD,A,0
TXN0013464,21-06-2024,CARD00054,MERC00187,PURCHASE,109.96,AUD,A,0
TXN0012040,15-03-2024,CARD00231,MERC00202,  PURCHASE,2353.58,BRL,A,1
TXN0008911,17-01-2024,CARD00036,MERC00128,PURCHASE,26.78,GBP,A,0
TXN0011223,19-02-2024,CARD00462,MERC00325,CASH ADVANCE,330.63,CAD,A,0
TXN0011818,45391,CARD00390,MERC00189,PURCHASE,49.33,GBP,A,0
TXN0000130,04-03-2024,  CARD00681,MERC00338,PURCHASE,32.74,USD,A,0
TXN0009896,16-03-2024,CARD00624,MERC00399,ATM WITHDRAWAL,150.0,CAD,A,1
TXN0015678,13-05-2024,CARD00016,MERC00332,PURCHASE,51.58,CAD,A,0
TXN0015315,03-06-2024,CARD00461,MERC00104,PURCHASE,64.84,EUR,A,0
TXN0015330,20-02-2024,CARD00332,MERC00233,PURCHASE,15.0,MXN,A,0
TXN0003848,10-03-2024,CARD00313,MERC00297,CASH ADVANCE,395.36,CAD,A,0
TXN0015665,14-06-2024,CARD00513,MERC00265,PURCHASE,28.35,USD,A,0
TXN0009322,03-03-2024,CARD00522,MERC00259,PURCHASE,201.02,EUR,A,0
TXN0003195,02-03-2024,CARD00658,MERC00389,ATM WITHDRAWAL,100.0,INR,A,0
TXN0010229,07-02-2024,CARD00778,MERC00282,PURCHASE,38.04,INR,A,0
TXN0002335,11-01-2024,CARD00168,MERC00376,ATM WITHDRAWAL,40.0,INR,A,0
TXN0015394,03-06-2024,CARD00064,MERC00250,PURCHASE,17.55,INR,A,0
TXN0003552,13-05-2024,CARD00799,MERC00262,PURCHASE,$35.16,AED,A,0
TXN0008254,23-01-2024,CARD00020,MERC00390,ATM WITHDRAWAL,100.0,MXN,A,0
TXN0010699,11-05-2024,CARD00551,MERC00180,PURCHASE,71.68,USD,A,0
TXN0001035,17-01-2024,CARD00252,MERC00222,PURCHASE,133.82,EUR,A,0
TXN0013369,02-04-2024,CARD00026,MERC00201,PURCHASE,20.4,USD,A,0
TXN0015062,19-06-2024,CARD00232,MERC00207,PURCHASE,155.8,EUR,A,1
TXN0005068,23-06-2024,CARD00779,MERC00242,CASH ADVANCE,101.8,INR,A,0
TXN0015504,02-06-2024,CARD00182,MERC00031,PURCHASE,761.45,BRL,A,1
TXN0007289,10-06-2024,CARD00260,MERC00087,BALANCE TRANSFER,299.26,USD,A,0
TXN0004144,27-05-2024,CARD00728,MERC00033,PURCHASE,49.76,MXN,A,0
TXN0007301,18-04-2024,CARD00681,MERC00349,PURCHASE,60.95,USD,A,0
TXN0003349,12-05-2024,CARD00413,MERC00308,PURCHASE,95.85,GBP,A,1
TXN0011863,13-01-2024,CARD00130,MERC00070,BALANCE TRANSFER,329.6,AUD,A,0
TXN0011084,45417,  CARD00327,MERC00395,ATM WITHDRAWAL,100.0,INR,A,0
TXN0014838,02-05-2024,CARD00411,  MERC00395,ATM WITHDRAWAL,20.0,INR,A,0
TXN0007676,03-01-2024,CARD00420,MERC00302,PURCHASE,83.57,INR,A,0
TXN0000905,29-01-2024,CARD00088,MERC00232,BALANCE TRANSFER,477.17,USD,A,0
TXN0015610,03-05-2024,  CARD00560,MERC00061,PURCHASE,38.43,BRL,A,0
TXN0005704,02-05-2024,CARD00510,MERC00330,PURCHASE,$379.47,INR,A,0
TXN0007016,20-02-2024,CARD00365,MERC00250,PURCHASE,20.3,INR,A,0
TXN0015086,27-04-2024,CARD00274  ,MERC00297,PURCHASE,48.18,CAD,A,0
TXN0010197,45446,CARD00182,MERC00289,PURCHASE,330.01,BRL,A,0
TXN0009991,02-06-2024,CARD00134,MERC00201,PURCHASE,37.78,USD,A,0
TXN0011417,30-03-2024,CARD00376,MERC00347,PURCHASE,80.14,EUR,A,0
TXN0001909,14-06-2024,CARD00691,MERC00165,PURCHASE,26.3,CAD,A,0
TXN0014224,31-03-2024,CARD00647,MERC00242,PURCHASE,115.21,INR,A,0
TXN0010667,05-04-2024,CARD00466,MERC00329,PURCHASE,21.18,INR,A,0
TXN0011506,45317,CARD00460,MERC00162,PURCHASE,94.32,USD,A,0
TXN0009659,19-03-2024,CARD00133,MERC00295,PURCHASE,39.19,JPY,A,0
TXN0004576,24-02-2024,CARD00771,MERC00057,PURCHASE,56.55,CAD,A,0
TXN0000863,26-01-2024,CARD00771,MERC00210,PURCHASE,51.5,CAD,A,0
TXN0005622,45428,CARD00305,MERC00393,ATM WITHDRAWAL,200.0,USD,A,0
TXN0011826,02-03-2024,CARD00108,MERC00018,PURCHASE,57.57,USD,A,0
TXN0000527,16-01-2024,CARD00567,MERC00184,PURCHASE,52.13,USD,A,0
TXN0007403,03-05-2024,CARD00706,MERC00389,ATM WITHDRAWAL,200.0,INR,A,0
TXN0004196,18-06-2024,CARD00238,MERC00070,PURCHASE,52.82,AUD,A,0
TXN0001397,07-02-2024,CARD00006,MERC00070,BALANCE TRANSFER,397.88,USD,A,1
TXN0010460,23-06-2024,CARD00324,MERC00288,CASH ADVANCE,289.94,USD,A,0
TXN0008126,20-06-2024,CARD00129,MERC00312,PURCHASE,65.94,EUR,A,0
TXN0005041,18-05-2024,CARD00048,MERC00382,ATM WITHDRAWAL,200.0,CAD,A,1
TXN0005164,12-04-2024,CARD00538,MERC00029,PURCHASE,27.82,USD,A,0
TXN0004598,01-03-2024,CARD00133,MERC00370,PURCHASE,31.58,JPY,A,0
TXN0013137,45358,CARD00765,MERC00227,PURCHASE,36.96,MXN,A,0
TXN0005806,18-04-2024,CARD00265,MERC00353,PURCHASE,1249.62,AUD,A,0
TXN0005144,13-02-2024,CARD00636,MERC00280,PURCHASE,15.7,BRL,A,0
TXN0004253,30-03-2024,CARD00571,MERC00013,PURCHASE,143.32,USD,A,0
TXN0001756,07-06-2024,CARD00504,MERC00173,PURCHASE,246.11,USD,A,0
TXN0006653,08-03-2024,CARD00593,MERC00217,PURCHASE,76.67,BRL,A,0
TXN0011817,28-03-2024,CARD00424,MERC00024,PURCHASE,262.9,JPY,A,0
  TXN0003025,31-01-2024,CARD00010,MERC00193,PURCHASE,8.45,GBP,A,0
TXN0012153,08-01-2024,CARD00250,MERC00086,PURCHASE,176.1,MXN,A,0
TXN0014368,30-06-2024,CARD00545,MERC00142,PURCHASE,63.4,INR,A,0
TXN0010783,17-01-2024,CARD00716,MERC00233,PURCHASE,49.78,MXN,A,0
TXN0013398,08-06-2024,CARD00648,MERC00148,PURCHASE,31.88,USD,A,0
TXN0014884,45336,CARD00047,MERC00352,PURCHASE,6.95,INR,A,0
TXN0005075,23-04-2024,CARD00132,MERC00100,PURCHASE,10.08,INR,A,0
TXN0004397,14-04-2024,CARD00107,MERC00270,PURCHASE,50.39,JPY,A,1
TXN0015156,18-05-2024,CARD00378,MERC00214,PURCHASE,196.59,AED,A,0
TXN0009352,25-06-2024,CARD00742,MERC00332,PURCHASE,41.11,CAD,A,0
TXN0001295,10-02-2024,CARD00325,MERC00207,PURCHASE,26.89,GBP,A,0
TXN0011834,26-06-2024,CARD00019,MERC00185,PURCHASE,93.12,GBP,A,0
TXN0003228,17-04-2024,CARD00036,MERC00009,PURCHASE,177.77,GBP,A,0
TXN0010812,04-03-2024,CARD00535,MERC00206,PURCHASE,72.1,USD,A,0
TXN0010049,17-06-2024,CARD00168,MERC00152,PURCHASE,58.61,INR,A,0
TXN0004066,11-03-2024,CARD00768,MERC00356,BALANCE TRANSFER,541.53,AUD,A,0
TXN0005884,45414,CARD00711,MERC00054,PURCHASE,53.11,INR,A,0
TXN0009039,13-04-2024,CARD00202,MERC00372,ATM WITHDRAWAL,100.0,EUR,A,0
TXN0006081,23-05-2024,CARD00190,MERC00172,CASH ADVANCE,732.46,JPY,A,0
TXN0000965,22-05-2024,CARD00123,MERC00270,PURCHASE,17.66,USD,A,0
TXN0001781,20-01-2024,CARD00759,MERC00389,ATM WITHDRAWAL,300.0,INR,A,0
TXN0009109,25-06-2024,CARD00130,MERC00240,PURCHASE,40.79,AUD,A,0
TXN0012471,09-02-2024,CARD00189,MERC00112,PURCHASE,70.73,INR,A,0
TXN0010465,26-02-2024,CARD00362,MERC00111,CASH ADVANCE,610.52,EUR,A,0
TXN0009727,05-05-2024,CARD00357,MERC00332,PURCHASE,115.84,CAD,A,0
TXN0013672,24-04-2024,CARD00680,MERC00131,PURCHASE,9.99,BRL,A,0
TXN0010839,05-04-2024,CARD00729,MERC00193,PURCHASE,306.9,GBP,A,0
TXN0003605,18-01-2024,CARD00604,MERC00222,PURCHASE,38.75,EUR,A,0
TXN0005396,12-04-2024,CARD00446,MERC00004,PURCHASE,23.14,SGD,A,0
TXN0009472,01-05-2024,CARD00261,MERC00101,PURCHASE,$60.15,MXN,A,0
TXN0014633,45470,CARD00705,MERC00293,PURCHASE,45.51,INR,A,0
TXN0009211,45469,CARD00210,MERC00111,PURCHASE,102.39,EUR,A,0
TXN0007088,18-05-2024,CARD00296,MERC00068,PURCHASE,$57.79,BRL,A,0
TXN0006887,03-04-2024,CARD00667,MERC00075,PURCHASE  ,44.53,BRL,A,1
TXN0015590,11-01-2024,CARD00688,MERC00115,PURCHASE,29.97,INR,A,0
TXN0008499,03-05-2024,CARD00607,MERC00188,PURCHASE,33.11,USD,A,0
TXN0014500,26-01-2024,CARD00312,MERC00258,PURCHASE,721.12,USD,A,0
TXN0001490,09-05-2024,CARD00412,MERC00207,PURCHASE,39.11,GBP,A,0
TXN0009874,27-04-2024,CARD00785,MERC00207,PURCHASE,32.88,GBP,A,0
TXN0002839,03-04-2024,CARD00690,MERC00187,PURCHASE,74.36,AUD,A,0
TXN0006944,12-06-2024,CARD00531,MERC00063,PURCHASE,$13.15,BRL,A,0
TXN0014519,29-03-2024,CARD00112,MERC00321,PURCHASE,112.1,AED,A,0
TXN0007058,17-04-2024,CARD00464,MERC00087,PURCHASE,47.01,BRL,A,1
TXN0015873,45459,CARD00791,MERC00285,CASH ADVANCE,$278.36,GBP,A,0
TXN0001420,12-04-2024,CARD00044,MERC00334,PURCHASE,31.73,AUD,A,0
TXN0012284,28-05-2024,CARD00753,MERC00211,PURCHASE,78.21,USD,A,1
TXN0013363,09-02-2024,CARD00741,MERC00126,PURCHASE,59.62,INR,A,0
TXN0012528,18-05-2024,CARD00032,MERC00004,PURCHASE,140.77,SGD,A,0
TXN0003403,25-04-2024,CARD00587,MERC00074,CASH ADVANCE,1167.84,AUD,A,0
TXN0003220,28-01-2024,CARD00763,MERC00136,PURCHASE,41.43,BRL,A,0
TXN0011945,45381,CARD00200,MERC00056,PURCHASE,208.1,MXN,A,0
TXN0010495,28-04-2024,CARD00210,MERC00222,PURCHASE,138.99,EUR,A,0
TXN0007663,06-05-2024,CARD00150,MERC00145,PURCHASE,18.44,INR,A,0
TXN0013561,13-05-2024,CARD00321,MERC00361,PURCHASE,16.08,INR,A,0
TXN0015013,09-05-2024,CARD00198,MERC00309,PURCHASE,$31.05,USD,A,0
TXN0001334,16-03-2024,CARD00270,MERC00253,PURCHASE,80.1,SGD,A,0
TXN0008461,11-04-2024,CARD00691,MERC00047,PURCHASE,60.66,CAD,A,0
TXN0012392,22-05-2024,CARD00298,MERC00073,PURCHASE,181.23,AUD,A,0
TXN0012288,15-02-2024,CARD00581,MERC00284,PURCHASE,321.71,USD,A,0
TXN0014795,45399,CARD00665,MERC00062,CASH ADVANCE,$145.75,EUR,A,0
TXN0010987,10-06-2024,CARD00524,MERC00053,PURCHASE  ,9.95,BRL,A,0
TXN0006690,31-03-2024,CARD00149,MERC00083,PURCHASE,192.63,INR,A,0
TXN0012251,06-04-2024,CARD00643,MERC00398,ATM WITHDRAWAL,60.0,USD,A,0
TXN0012183,25-02-2024,CARD00189,MERC00139,PURCHASE,$9.35,INR,A,0
TXN0001841,21-05-2024,CARD00750,MERC00378,ATM WITHDRAWAL,20.0,EUR,A,0
TXN0003790,31-05-2024,CARD00546,MERC00291,PURCHASE,116.88,EUR,A,0
TXN0002625,19-03-2024,CARD00564, MERC00279 ,PURCHASE,56.26,USD,A,0
TXN0005965,08-06-2024,CARD00264,MERC00266,PURCHASE,108.58,CAD,A,0
TXN0002151,06-05-2024,CARD00131,MERC00161,PURCHASE,15.27,INR,A,0
TXN0003194,08-01-2024,CARD00179,MERC00217,BALANCE TRANSFER,511.96,BRL,A,0
TXN0006261,23-04-2024,CARD00387,MERC00285,PURCHASE,150.31,GBP,A,0
TXN0003709,18-06-2024,CARD00555,MERC00056,PURCHASE,24.56,MXN,A,0
TXN0014557,04-01-2024,CARD00121,MERC00262,PURCHASE,109.63,AED,A,0
TXN0002917,26-05-2024,CARD00341,MERC00179,PURCHASE,86.45,AUD,A,0
TXN0003781,08-06-2024,CARD00158,MERC00392,ATM WITHDRAWAL,40.0,USD,A,0
TXN0014655,16-06-2024,CARD00472,MERC00120,PURCHASE,37.72,JPY,A,0
TXN0005239,01-02-2024,CARD00219,MERC00049,PURCHASE,69.81,EUR,A,0
TXN0012654,30-01-2024,CARD00459,MERC00094,PURCHASE,99.0,USD,A,0
TXN0003721,01-03-2024,CARD00642,MERC00193,PURCHASE,328.19,GBP,A,0
TXN0011248,13-05-2024,CARD00257,MERC00355,PURCHASE,62.21,SGD,A,0
TXN0015616,13-02-2024,CARD00016,MERC00199,PURCHASE,109.98,CAD,A,0
TXN0008545,45434,CARD00051,MERC00009,PURCHASE,97.14,GBP,A,0
TXN0010866,03-01-2024,CARD00367,MERC00380,ATM WITHDRAWAL,40.0,CAD,A,1
TXN0004863,13-03-2024,CARD00370,MERC00121,PURCHASE,74.23,EUR,A,0
TXN0006765,45376,CARD00564,MERC00008,PURCHASE  ,135.75,USD,A,0
TXN0012606,14-01-2024,CARD00567,MERC00038,PURCHASE,43.73,USD,D,0
TXN0009323,01-02-2024,CARD00483,MERC00205,PURCHASE,10.96,SGD,A,1
TXN0014531,20-03-2024,CARD00027,MERC00089,PURCHASE,34.59,AED,A,0
TXN0003216,18-04-2024,CARD00297,MERC00100,PURCHASE,26.7,INR,A,0
TXN0015037,15-06-2024,CARD00175,MERC00229,PURCHASE,19.01,INR,A,0
TXN0006388,01-02-2024,CARD00528,MERC00358,PURCHASE,240.3,MXN,A,0
TXN0010615,45401,CARD00445,MERC00158,PURCHASE,741.67,EUR,A,0
TXN0004929,07-01-2024,CARD00642  ,MERC00385,ATM WITHDRAWAL,60.0,GBP,A,0
TXN0011000,45413,CARD00770,MERC00398,ATM WITHDRAWAL,20.0,USD,A,0
TXN0014093,45466,CARD00102,MERC00281,PURCHASE,269.76,USD,A,0
TXN0013469,11-03-2024,CARD00628,MERC00268,PURCHASE,12.54,INR,A,0
TXN0009964,11-02-2024,CARD00485,MERC00391,ATM WITHDRAWAL,40.0,USD,A,0
TXN0000562,22-04-2024,CARD00464,MERC00061,PURCHASE,191.25,BRL,A,0
TXN0001785,14-05-2024,CARD00196,MERC00218,PURCHASE,22.45,USD,A,0
TXN0013675,15-01-2024,CARD00202,MERC00345,PURCHASE,10.65,EUR,A,0
TXN0008313,15-03-2024,CARD00434,MERC00378,ATM WITHDRAWAL,$60.00,INR,A,1
TXN0005000,03-05-2024,CARD00136,MERC00303,PURCHASE,651.43,USD,A,0
TXN0012965,45317,CARD00692,MERC00084,PURCHASE,123.6,MXN,A,0
TXN0012115,13-05-2024,CARD00544,MERC00320,PURCHASE,18.32,USD,A,0
TXN0005720,07-04-2024,CARD00600,MERC00393,ATM WITHDRAWAL,200.0,USD,A,0
TXN0011081,30-03-2024,CARD00684,MERC00269,PURCHASE,32.0,EUR,A,0
TXN0008681,11-06-2024,CARD00306,MERC00152,PURCHASE,$47.01,INR,A,0
TXN0001583 ,12-03-2024,CARD00433,MERC00126 ,PURCHASE,14.69,INR,A,0
TXN0003746,04-06-2024,CARD00323,MERC00387,ATM WITHDRAWAL,150.0,AUD,A,0
TXN0004317,24-02-2024,CARD00052,MERC8857,PURCHASE,26.05,BRL,A,0
TXN0014965,11-06-2024,CARD00312,MERC00123,PURCHASE,70.43,USD,A,0
TXN0006639,11-04-2024,CARD00541,MERC00237,PURCHASE,43.29,SGD,A,0
TXN0007901,28-02-2024,CARD00129,MERC00158,PURCHASE,16.55,EUR,A,0
TXN0005314,45426,CARD00607,MERC00321,  BALANCE TRANSFER,315.47,USD,A,1
TXN0015447,45403,CARD00547,MERC00033,PURCHASE,21.76,MXN,A,0
TXN0001023,13-01-2024,CARD00638,MERC00318,PURCHASE,136.57,AED,A,0
TXN0012238,08-05-2024,CARD00411,MERC00100,PURCHASE,21.56,INR,A,0
TXN0011530,30-06-2024,CARD00243,MERC00291,CASH ADVANCE,575.28,EUR,A,0
TXN0009794,45462,CARD00394,MERC00040,PURCHASE,65.48,BRL,A,0
TXN0002217,27-03-2024,CARD00139,MERC00096,PURCHASE,31.26,EUR,A,1
TXN0004065,20-03-2024,  CARD00372,MERC00240,PURCHASE,41.41,AUD,A,0
TXN0015687,28-05-2024,CARD00561,MERC00386,ATM WITHDRAWAL,20.0,INR,A,0
TXN0013227,26-03-2024,CARD00418,MERC00179,PURCHASE,319.98,AUD,A,0
TXN0013177,16-06-2024,CARD00596,MERC00353,PURCHASE,83.06,AUD,A,0
TXN0011954,16-02-2024,CARD00224,MERC00086,PURCHASE,73.23,MXN,A,0
TXN0014182,45460,CARD00430,MERC00006,PURCHASE,50.02,BRL,A,0
TXN0007907,45350,CARD00415,MERC00165,PURCHASE,111.55,CAD,A,0
TXN0014889,13-05-2024,CARD00040,MERC00171,PURCHASE,459.14,USD,A,0
TXN0008744,10-06-2024,CARD00278,MERC00393,ATM WITHDRAWAL,300.0,USD,A,0
TXN0007304,27-05-2024,CARD00027,MERC00392,ATM WITHDRAWAL,100.0,AED,A,1
TXN0010254,10-05-2024,CARD00626,MERC00028,PURCHASE,27.95,SGD,A,0
TXN0005325,45472,CARD00318,MERC00130,PURCHASE,160.11,EUR,A,0
TXN0007556,26-04-2024,CARD00596,MERC00356,PURCHASE,23.63,AUD,A,0
TXN0006225,45340,CARD00508,MERC00350,PURCHASE,$120.11,GBP,A,0
TXN0003332,08-04-2024,CARD00748,MERC00029,PURCHASE,62.96,USD,A,0
TXN0007395,06-04-2024,CARD00326,MERC00142,PURCHASE,72.74,INR,A,0
TXN0007421,45378,CARD00544,MERC00331,PURCHASE,46.26,USD,A,0
TXN0012745,24-03-2024,CARD00126,MERC00222,PURCHASE,94.48,EUR,A,0
TXN0002691,08-03-2024,CARD00358,MERC00134,PURCHASE,131.98,INR,A,0
TXN0005674,27-03-2024,CARD00304,MERC00053,PURCHASE,$13.11,BRL,A,0
TXN0004219,45309,CARD00642,MERC00194,PURCHASE,65.83,GBP,A,0
TXN0008498,18-01-2024,CARD00379,MERC00398,ATM WITHDRAWAL,40.0,USD,A,0
TXN0015577,24-04-2024,CARD00594,MERC00335,PURCHASE,$39.07,CAD,A,0
TXN0010817,10-03-2024,CARD00730,MERC00071,PURCHASE,34.21,JPY,A,0
TXN0011051,01-04-2024,CARD00132,  MERC00211,PURCHASE,45.25,INR,A,0
TXN0013918,10-04-2024,CARD00374,MERC00257,PURCHASE,$148.04,INR,A,0
TXN0014595,17-05-2024,CARD00498,MERC00392,ATM WITHDRAWAL,60.0,USD,A,0
TXN0001106,24-06-2024,CARD00355,MERC00173,BALANCE TRANSFER,847.51,USD,A,0
TXN0015278,03-04-2024,CARD00262,MERC00372,ATM WITHDRAWAL,20.0,EUR,A,0
TXN0002974,45304,CARD00564,MERC00042,PURCHASE,$22.84,USD,A,0
TXN0001527,12-01-2024,CARD00108,MERC00298,PURCHASE,96.6,USD,A,0
TXN0005276,31-03-2024,CARD00272,MERC00102,PURCHASE,71.32,INR,A,0
TXN0014205,30-04-2024,CARD00311,MERC00184,PURCHASE,42.47,USD,A,0
TXN0000799,07-03-2024,CARD00606,MERC00072,PURCHASE,$296.39,USD,A,1
TXN0004310,17-06-2024,CARD00381,MERC00209,CASH ADVANCE,685.43,USD,D,0
TXN0015267,45392,CARD00723,MERC00251,PURCHASE,$33.85,JPY,A,0
TXN0000484,10-01-2024,CARD00384,MERC00124,PURCHASE,36.28,JPY,A,0
TXN0000295,45306,CARD00390,MERC00385,ATM WITHDRAWAL,100.0,GBP,A,0
TXN0002055,16-02-2024,CARD00261,MERC00192,PURCHASE,14.55,MXN,A,0
TXN0009732,31-03-2024,CARD00327,MERC00290,PURCHASE,37.25,INR,A,0
TXN0009741,08-03-2024,CARD00290,MERC00215,PURCHASE,109.12,EUR,A,0
TXN0007270,20-02-2024,CARD00622,MERC00153,PURCHASE ,147.11,USD,A,0
TXN0002652,13-01-2024,CARD00715,MERC00394,ATM WITHDRAWAL,300.0,MXN,A,1
TXN0005410,16-02-2024,CARD00743,MERC00021,PURCHASE,159.66,BRL,A,0
TXN0013722,20-05-2024,CARD00444,MERC00278,PURCHASE,57.16,USD,A,0
TXN0013854,23-02-2024,CARD00527 ,MERC00156,PURCHASE,79.76,EUR,A,0
TXN0011972,16-06-2024,CARD00614,MERC00389,ATM WITHDRAWAL,40.0,SGD,A,1
TXN0012443,21-05-2024,CARD00007,MERC00230,PURCHASE,91.23,AUD,A,0
TXN0000120,11-05-2024,CARD00296,MERC00289,PURCHASE,29.5,BRL,A,0
 TXN0012277 ,17-04-2024,CARD00381,MERC00088,PURCHASE,45.54,USD,A,0
TXN0003399,04-02-2024,CARD00651,MERC00376,ATM WITHDRAWAL,40.0,INR,A,0
TXN0000506,01-04-2024,CARD00326,MERC00054,PURCHASE,27.65,INR,A,0
TXN0004726,29-05-2024,CARD00448,MERC00360,PURCHASE,17.07,CAD,A,0
TXN0012124,28-01-2024,CARD00167,MERC00275,PURCHASE,41.3,MXN,A,0
TXN0012383,03-05-2024,CARD00433,MERC00139,PURCHASE,54.21,INR,A,0
TXN0009385,18-06-2024,CARD00329,MERC00346,BALANCE TRANSFER,667.4,MXN,A,0
TXN0005476,06-03-2024,CARD00412,MERC00285,PURCHASE,19.45,GBP,A,0
TXN0005362,06-05-2024,CARD00681,MERC00354,PURCHASE,73.94,USD,A,0
TXN0015947,24-06-2024,CARD00460,MERC00310,PURCHASE,22.9,USD,A,0
TXN0011550,26-05-2024,CARD00148,MERC00049,PURCHASE,$45.72,EUR,A,0
TXN0011473,25-05-2024,CARD00796,MERC00315,PURCHASE,89.38,CAD,A,0
TXN0005389,27-05-2024,CARD00023,MERC00268,PURCHASE,34.18,INR,A,0
TXN0013233,30-06-2024,CARD00757,MERC00183,PURCHASE,110.5,USD,A,0
TXN0014321,10-03-2024,CARD00254,MERC00275,PURCHASE,41.77,MXN,A,0
TXN0011168,09-04-2024,CARD00157,MERC00293,PURCHASE,194.06,INR,A,0
TXN0015613,23-05-2024,CARD00285,MERC00347,PURCHASE,278.83,EUR,A,0
TXN0015480,45437,CARD00042,MERC00308,PURCHASE,459.69,USD,A,0
TXN0003107,29-05-2024,CARD00510,MERC00182,PURCHASE,341.32,INR,A,1
TXN0001379,14-01-2024,CARD00283,MERC00016,PURCHASE,107.91,BRL,A,0
TXN0013844,04-04-2024,CARD00587,MERC00007,PURCHASE,341.95,AUD,A,0
TXN0012361,45395, CARD00606 ,MERC00180,PURCHASE,$150.51,USD,A,0
TXN0013719,45454,CARD00411,MERC00134,BALANCE TRANSFER,490.64,INR,A,0
TXN0012293,25-05-2024,CARD00151,MERC00096,PURCHASE,100.43,EUR,A,0
TXN0005466,17-02-2024,CARD00551,MERC00398,ATM WITHDRAWAL,20.0,USD,A,0
TXN0015767,09-03-2024,CARD00476,MERC00184,BALANCE TRANSFER,326.58,AUD,A,1
TXN0008743,12-02-2024,CARD00795,MERC00038,PURCHASE,272.94,USD,A,0
TXN0013638,05-03-2024,CARD00216,MERC00305,  PURCHASE,303.27,AED,A,0
TXN0012933,02-06-2024,CARD00675,MERC00214,PURCHASE,221.51,AED,A,0
TXN0007896,31-05-2024,CARD00743,MERC00289,PURCHASE,33.39,BRL,A,0
TXN0011337,17-06-2024,CARD00767,MERC00084,PURCHASE,65.11,CAD,A,1
TXN0009558,24-05-2024,CARD00030,MERC00391,ATM WITHDRAWAL,20.0,USD,A,0
TXN0014190,01-06-2024,CARD00048,MERC00107,PURCHASE,64.94,CAD,A,0
TXN0003728,09-01-2024,CARD00203,MERC00144,PURCHASE,80.88,USD,A,0
TXN0006542,45359, CARD00028 ,MERC00333,PURCHASE,14.0,EUR,A,0
TXN0006562,08-01-2024,CARD00473,MERC00345,PURCHASE  ,99.16,EUR,A,0
TXN0002068,45306,CARD00457,MERC00287,PURCHASE,190.42,AUD,A,0
TXN0005513,45299,CARD00190,MERC00382,ATM WITHDRAWAL,200.0,JPY,A,0
TXN0002286,19-01-2024,CARD00274,MERC00342,PURCHASE,53.26,CAD,A,0
TXN0008897,45421,CARD00392,MERC00026,PURCHASE,56.81,GBP,A,0
TXN0006260,20-01-2024,CARD00097,MERC00308,PURCHASE,30.92,USD,A,0
TXN0003747,21-05-2024,CARD00721,MERC00149,PURCHASE,420.22,USD,A,1
TXN0000095,15-06-2024,CARD00419,MERC00182,PURCHASE,178.35,BRL,A,0
TXN0002135,45464,CARD00497,MERC00029,PURCHASE,27.34,USD,A,0
TXN0012526,24-01-2024,CARD00745,MERC00321,PURCHASE,286.48,AED,A,0
TXN0012343,05-02-2024,CARD00253,MERC00322,PURCHASE,90.74,AUD,A,1
TXN0000935,12-03-2024,CARD00149,MERC00220,PURCHASE,16.64,INR,A,0
TXN0004794,11-04-2024,CARD00378,MERC00221,PURCHASE,83.46,AED,A,0
TXN0008208,45443,CARD00268,MERC00208,PURCHASE,76.6,SGD,A,0
TXN0007055,03-04-2024,CARD00602,MERC00045,PURCHASE,53.03,USD,A,0
TXN0002058,03-05-2024,CARD00754,MERC00111,PURCHASE,327.91,MXN,A,1
TXN0006086,31-05-2024,CARD00690,MERC00353,PURCHASE,170.75,AUD,A,0
TXN0012720,23-03-2024,CARD00541,MERC00349,PURCHASE,88.0,SGD,A,1
TXN0002717,02-01-2024,CARD00486,MERC00186,PURCHASE,173.02,EUR,A,0
TXN0015735,27-06-2024,CARD00162,MERC00330,PURCHASE,111.97,INR,A,0
TXN0003381,14-04-2024,CARD00672,MERC00312  , PURCHASE ,$62.83,EUR,A,0
 TXN0000010 ,26-02-2024,CARD00087,MERC00188,PURCHASE,856.11,USD,A,0
TXN0001925,20-02-2024,CARD00158  ,MERC00232,PURCHASE,34.41,USD,A,0
TXN0007138,08-04-2024,CARD00175,MERC00149,PURCHASE,11.76,INR,A,0
TXN0004775,45460,CARD00606,MERC00328,PURCHASE,244.93,USD,A,1
TXN0004583,11-02-2024,CARD00052,MERC00040,PURCHASE,41.11,BRL,A,0
TXN0013691,05-01-2024,CARD00008,MERC00386,ATM WITHDRAWAL,60.0,INR,A,0
TXN0006307,11-03-2024,CARD00651,MERC00151,PURCHASE,316.48,INR,A,0
TXN0002163,09-05-2024,CARD00414,MERC00309,PURCHASE,30.58,USD,A,0
TXN0015900,06-04-2024,CARD00322,MERC00104,PURCHASE,37.4,EUR,A,0
TXN0010732,18-03-2024,CARD00565,MERC00197,BALANCE TRANSFER,783.97,INR,A,0
TXN0001746,06-01-2024,CARD00378,MERC00302,PURCHASE,27.0,AED,A,1
TXN0015398,45361,CARD00406,MERC00113,  PURCHASE,160.86,AUD,A,0
TXN0006943,04-06-2024,CARD00528,MERC00084,CASH ADVANCE,$65.56,MXN,A,0
TXN0002962,18-04-2024,CARD00712,MERC00206,PURCHASE,378.76,USD,A,0
TXN0008414,16-01-2024,CARD00383,MERC00281,PURCHASE,42.56,USD,A,0
TXN0011510,03-06-2024,CARD00365,MERC00139,PURCHASE,33.73,INR,A,0
TXN0013196,08-04-2024,CARD00272,MERC00294,BALANCE TRANSFER,423.13,INR,A,0
TXN0007971,45307,CARD00554,  MERC00306,PURCHASE,49.78,JPY,A,0
TXN0007864,45427,CARD00305,MERC00288,PURCHASE,31.2,USD,A,0
TXN0009780,16-03-2024,CARD00234,MERC00106,PURCHASE,$20.73,USD,A,0
TXN0012495,45458,CARD00311, MERC00270 ,PURCHASE,16.55,USD,A,0
TXN0013331,45396,CARD00367,  MERC00140,PURCHASE,115.28,CAD,A,0
TXN0005524,27-02-2024,CARD00671,MERC00380,ATM WITHDRAWAL,150.0,JPY,A,0
TXN0003820,15-05-2024,CARD00615,MERC00128,PURCHASE,55.65,GBP,A,0
TXN0003491,19-06-2024,CARD00389,MERC00171,PURCHASE,19.45,USD,A,0
TXN0010627,13-01-2024,CARD00302,MERC00017,PURCHASE,89.61,EUR,A,0
TXN0013833,24-02-2024,CARD00464,MERC00379,ATM WITHDRAWAL,60.0,BRL,A,0
TXN0014833,22-05-2024,CARD00294,MERC00223,PURCHASE  ,145.94,EUR,A,0
TXN0013781,45323,CARD00256,MERC00091,BALANCE TRANSFER,1362.81,JPY,A,0
TXN0009510,17-01-2024,CARD00763,MERC00095,PURCHASE,162.77,BRL,A,0
TXN0015400,18-05-2024,CARD00305,MERC00218,PURCHASE,51.3,USD,A,0
TXN0015008,27-05-2024,CARD00319,MERC00230,PURCHASE,67.38,AUD,A,0
TXN0008278,27-01-2024,CARD00341,MERC00230,CASH ADVANCE,389.32,AUD,A,0
TXN0013038,03-01-2024,CARD00118,MERC00305,PURCHASE,105.65,AED,A,0
TXN0005030,03-04-2024,CARD00499,MERC00027,PURCHASE,21.87,MXN,A,0
TXN0013091,29-01-2024,CARD00215,MERC00313, PURCHASE ,59.85,CAD,A,1
TXN0014914,24-05-2024,CARD00608,MERC00123,PURCHASE,105.44,USD,A,0
TXN0001388,09-01-2024,CARD00541,MERC00237 ,PURCHASE,88.77,SGD,A,0
TXN0006184,26-05-2024,CARD00343,MERC00296,PURCHASE,203.46,BRL,A,0
TXN0000661,21-05-2024,CARD00730,MERC00239,PURCHASE,20.23,JPY,A,1
TXN0005010,20-02-2024,CARD00003,MERC00160,PURCHASE,39.87,GBP,A,0
TXN0011629,15-01-2024,CARD00729,MERC00060,PURCHASE,157.33,GBP,A,0
TXN0002069,21-03-2024,CARD00735,MERC00212,PURCHASE,79.58,INR,A,0
TXN0013721,45384,CARD00440,MERC00195,PURCHASE,51.46,INR,A,0
TXN0014811,45332,CARD00249,MERC00343,PURCHASE,192.82,EUR,A,0
TXN0003075,26-01-2024,CARD00241,MERC00134,PURCHASE,29.87,INR,A,0
TXN0008784,18-03-2024,CARD00588,MERC00203,PURCHASE,27.45,USD,A,0
TXN0002780,26-02-2024,CARD00589,MERC00286,CASH ADVANCE,265.95,GBP,A,0
TXN0012186,21-01-2024,CARD00433,MERC00250,PURCHASE,19.0,INR,A,0
TXN0007161,45413,CARD00491,MERC00053,PURCHASE,8.73,BRL,A,0
TXN0002170,15-01-2024,CARD00645,MERC00242,PURCHASE,193.78,INR,A,0
TXN0001955,25-04-2024,CARD00765,MERC00050,PURCHASE,12.36,MXN,A,0
TXN0011729,11-05-2024,CARD00258,MERC00345,BALANCE TRANSFER,1001.06,EUR,A,0
TXN0002498,20-01-2024,CARD00690,MERC00113,PURCHASE,48.74,AUD,A,0
TXN0011998,28-04-2024,CARD00419,MERC00313,PURCHASE,65.7,BRL,A,0
TXN0004502,25-03-2024,CARD00336,MERC00144,PURCHASE,8.86,USD,A,0
TXN0000615,14-01-2024,CARD00643,MERC00236,PURCHASE,90.06,USD,A,1
TXN0002443,08-05-2024,CARD00102,MERC00393,ATM WITHDRAWAL,40.0,USD,A,0
TXN0011176,15-02-2024,CARD00426,MERC00092,PURCHASE,52.87,INR,A,0
TXN0015322,31-05-2024,CARD00636,MERC00289,PURCHASE,19.86,BRL,A,0
TXN0000436,21-04-2024,CARD00345,MERC00345,PURCHASE,37.32,EUR,A,0
TXN0008346,45442,CARD00139,MERC00345,PURCHASE,91.66,EUR,A,0
TXN0014431,07-05-2024,CARD00077,MERC00181,PURCHASE,42.44,CAD,A,0
TXN0005940,18-03-2024,CARD00465,MERC00359,PURCHASE,27.61,SGD,A,0
TXN0013654,03-06-2024,CARD00639,MERC00228,PURCHASE,4.34,GBP,A,0
TXN0010327,07-02-2024,CARD00509,MERC00030,PURCHASE,46.5,USD,A,0
TXN0007455,45442,CARD00327,MERC00129,CASH ADVANCE,$129.56,INR,A,0
TXN0001626,25-04-2024,CARD00055,MERC00392,ATM WITHDRAWAL,40.0,USD,A,0
TXN0003386,15-02-2024,CARD00020,MERC00390,ATM WITHDRAWAL,100.0,MXN,A,0
TXN0009879,45364,CARD00697,MERC00272,  PURCHASE,$48.93,GBP,A,0
TXN0004363,11-05-2024,CARD00646,MERC00214,PURCHASE,15.04,AED,A,0
TXN0014271,12-02-2024,CARD00531,MERC00166,PURCHASE,37.48,BRL,D,0
TXN0007354,13-06-2024,CARD00477,MERC00388,ATM WITHDRAWAL,40.0,SGD,A,1
TXN0004851,10-06-2024,CARD00460,MERC00225,PURCHASE,25.82,USD,A,0
TXN0003718,26-03-2024,CARD00134,MERC00225,PURCHASE,$49.21,USD,A,0
TXN0005850,45391,CARD00652,MERC00230,PURCHASE,564.88,AUD,A,0
TXN0015202,45316,CARD00521,MERC00062,PURCHASE,45.62,EUR,A,0
TXN0010886,04-06-2024,CARD00384,MERC00251,BALANCE TRANSFER,866.9,JPY,A,0
TXN0003687,27-02-2024,CARD00461,MERC00291,PURCHASE,6.72,EUR,A,0
TXN0002017,16-01-2024,CARD00050,MERC00304,PURCHASE,62.84,EUR,A,0
TXN0002244,19-04-2024,CARD00564,MERC00038,PURCHASE,137.35,USD,A,0
TXN0006793,25-01-2024,CARD00105,MERC00318,BALANCE TRANSFER,1147.43,AED,A,0
TXN0005283,03-01-2024,CARD00587,MERC00070,PURCHASE,86.18,AUD,A,0
TXN0005741,05-05-2024,CARD00642,MERC00022,PURCHASE,20.96,GBP,A,0
TXN0005519,18-06-2024,CARD00169,MERC00390,  ATM WITHDRAWAL,200.0,MXN,A,0
TXN0008478,01-05-2024,CARD00246,MERC00072,PURCHASE,19.66,CAD,A,0
TXN0004356,25-01-2024,CARD00113,MERC00234,PURCHASE,97.42,GBP,A,0
TXN0000139,03-02-2024,CARD00705, MERC00197 ,PURCHASE,233.02,INR,A,0
TXN0004272,01-01-2024,CARD00542,MERC00186,CASH ADVANCE,516.59,EUR,A,0
TXN0006290,45392,CARD00764,MERC00061,PURCHASE,62.62,BRL,A,0
TXN0006540,14-06-2024,CARD00673,MERC00241,PURCHASE,131.23,BRL,A,0
TXN0003001,12-01-2024,CARD00477,MERC00385,ATM WITHDRAWAL,40.0,SGD,A,1
TXN0008427,14-06-2024,CARD00420,MERC00293,PURCHASE,19.13,INR,A,0
TXN0002260,19-03-2024,CARD00770,MERC00148,PURCHASE,42.96,USD,A,0
TXN0015600,05-06-2024,CARD00024,MERC00070,PURCHASE,104.0,AUD,D,0
TXN0004380,28-06-2024,CARD00321,MERC00205,PURCHASE,10.69,INR,A,0
TXN0004573,28-03-2024,CARD00416,MERC00290,CASH ADVANCE,300.19,INR,A,0
 TXN0006192 ,24-04-2024,CARD00593,MERC00063,BALANCE TRANSFER,1873.44,BRL,A,0
TXN0005471,45303,CARD00548,MERC00144,PURCHASE,13.0,USD,A,0
TXN0004936,45348,CARD00134,MERC00162,PURCHASE,20.24,USD,A,0
TXN0013935,28-06-2024,CARD00080,MERC00225,PURCHASE,44.38,USD,A,0
TXN0003733,30-01-2024,CARD00538,MERC00058,  BALANCE TRANSFER,997.63,USD,A,0
TXN0005516,25-04-2024,CARD00411,MERC00132,PURCHASE,64.77,INR,A,0
TXN0009042,23-05-2024,CARD00684,MERC00103,PURCHASE,26.89,EUR,A,0
TXN0004612,45369,CARD00244,MERC00341,PURCHASE,27.95,USD,A,0
TXN0005668,06-02-2024,CARD00691,  MERC00163,PURCHASE,33.78,CAD,A,0
TXN0014119,15-03-2024,CARD00628,MERC00054,BALANCE TRANSFER,"$2,985.12",INR,A,0
TXN0012243,29-02-2024,CARD00538,MERC00284,PURCHASE,$21.69,USD,A,0
TXN0010138,08-06-2024,CARD00265,MERC00185,PURCHASE,119.07,AUD,A,1
TXN0002127,11-03-2024,CARD00032,MERC00138,PURCHASE,13.86,SGD,A,0
TXN0014268,45462,CARD00371,MERC00209,CASH ADVANCE,190.55,USD,D,0
TXN0015395,22-01-2024,CARD00685,  MERC00166,PURCHASE,133.05,BRL,A,0
TXN0006951,30-05-2024,CARD00154,MERC00153,PURCHASE,46.04,USD,A,0
TXN0003521,04-01-2024,CARD00297,MERC00330,PURCHASE,5.42,INR,A,0
TXN0008821,04-03-2024,CARD00231,MERC00217,PURCHASE,115.29,BRL,A,0
TXN0007859,18-04-2024,CARD00217,MERC00297,PURCHASE,24.98,CAD,A,0
TXN0011373,11-01-2024,CARD00529,MERC00400,ATM WITHDRAWAL,300.0,BRL,A,0
TXN0006258,28-05-2024,CARD00101,MERC00212,PURCHASE,322.91,INR,A,0
TXN0003211,45312,CARD00380,MERC00390,ATM WITHDRAWAL,60.0,MXN,D,0
TXN0000296,19-02-2024,CARD00245,MERC00209,PURCHASE,147.63,USD,A,0
TXN0010749,11-03-2024,CARD00737,MERC00268,PURCHASE,192.6,INR,A,0
TXN0012892,21-02-2024,CARD00121,MERC00321,PURCHASE,20.64,AED,A,0
TXN0001108,06-04-2024,CARD00075,MERC00195,PURCHASE,44.05,INR,A,0
TXN0003360,18-04-2024,CARD00226,MERC00159,PURCHASE,21.73,USD,A,0
TXN0004230,21-01-2024,CARD00396, MERC00386 ,ATM WITHDRAWAL,100.0,INR,A,0
TXN0009070,08-02-2024,CARD00165,MERC00161,CASH ADVANCE,349.76,INR,A,0
TXN0009171,23-05-2024,CARD00066,MERC00176,PURCHASE,$307.74,CAD,A,0
TXN0008353,45389,CARD00657,MERC00290,PURCHASE,766.93,INR,A,0
TXN0005988  ,20-03-2024,  CARD00270,MERC00248,PURCHASE,50.88,SGD,A,0
TXN0009484,24-03-2024,CARD00575,MERC00214,PURCHASE,34.26,AED,A,0
TXN0000840,21-04-2024,CARD00332,MERC00056,PURCHASE,26.28,MXN,A,0
TXN0006298,03-02-2024,CARD00473,MERC00062,PURCHASE,78.79,EUR,A,0
TXN0003737,01-03-2024,CARD00785,MERC00285,PURCHASE,69.56,GBP,A,0
TXN0014535,22-06-2024,CARD00036,MERC00286,PURCHASE,79.01,GBP,A,0
TXN0002407,20-04-2024,CARD00733,MERC00394,ATM WITHDRAWAL,40.0,AUD,A,0
TXN0014760,06-02-2024,CARD00311,MERC00252,PURCHASE,15.56,USD,A,0
TXN0002738,30-01-2024,CARD00342,MERC00276,PURCHASE,25.71,INR,A,0
TXN0004799,45317,CARD00679,MERC00298,CASH ADVANCE,514.21,USD,A,0
TXN0006883,02-06-2024,CARD00220,MERC00317,BALANCE TRANSFER,518.74,USD,A,0
TXN0015369,24-03-2024,CARD00797,MERC00131,PURCHASE,57.44,BRL,A,0
TXN0003547,01-05-2024,CARD00033,MERC00038,PURCHASE,35.47,USD,A,0
TXN0012079,10-04-2024,CARD00284,MERC00194,PURCHASE,177.72,GBP,D,0
TXN0015402,22-04-2024,CARD00774,MERC00193,PURCHASE,90.13,GBP,A,0
TXN0003411,30-04-2024,CARD00760,MERC00145,PURCHASE,97.08,INR,A,0
TXN0000381,09-06-2024,CARD00755,MERC00370,CASH ADVANCE,166.59,JPY,A,0
TXN0011267,19-03-2024,CARD00658,MERC00236,PURCHASE,$71.51,INR,A,0
TXN0008734,09-01-2024,CARD00564,MERC00258,PURCHASE,32.07,USD,A,0
TXN0002649,03-06-2024,CARD00749,MERC00373,ATM WITHDRAWAL,100.0,GBP,A,0
TXN0003672,20-02-2024,CARD00302,MERC00343,BALANCE TRANSFER,1837.17,EUR,A,0
TXN0008263,15-03-2024,CARD00368,MERC00391,ATM WITHDRAWAL,150.0,USD,A,0
TXN0014253,17-04-2024,CARD00063,MERC00090,PURCHASE,226.09,INR,D,0
TXN0002832,14-04-2024,CARD00191,MERC00029,PURCHASE,15.72,USD,A,0
TXN0006631,09-01-2024,CARD00189,MERC00119,PURCHASE,74.68,INR,A,0
TXN0008984,21-02-2024,CARD00758,MERC00174,PURCHASE,37.62,USD,A,0
TXN0004350,12-01-2024,CARD00786,MERC00192,PURCHASE,13.92,MXN,A,0
TXN0011700,08-02-2024,CARD00648,MERC00159,PURCHASE,140.22,USD,A,0
TXN0009181,20-04-2024,CARD00613,MERC00303,PURCHASE,21.59,USD,A,0
TXN0003269,28-06-2024,CARD00600,MERC00270,PURCHASE,8.1,USD,A,0
  TXN0007035,26-04-2024,CARD00682,MERC00280,PURCHASE,50.64,BRL,A,0
TXN0014731,29-06-2024,CARD00635,MERC00281,PURCHASE,74.92,USD,A,0
TXN0009910,45401,CARD00245,MERC00184,PURCHASE,101.94,USD,A,0
TXN0011474,45454,CARD00147,MERC00276,CASH ADVANCE,707.44,INR,A,0
TXN0003645,12-06-2024,CARD00757,MERC00031,PURCHASE,97.66,USD,A,1
TXN0001195,45395,CARD00093,MERC00227,PURCHASE,34.37,MXN,A,0
TXN0003906,25-02-2024,CARD00528,MERC00050,PURCHASE,14.54,MXN,A,0
TXN0003669,45402,CARD00355,MERC00310,PURCHASE,149.59,USD,A,0
TXN0012838,11-02-2024,CARD00679,MERC00180,BALANCE TRANSFER,1025.54,USD,A,0
TXN0002978,05-03-2024,CARD00445,MERC00396,ATM WITHDRAWAL,100.0,EUR,A,0
TXN0007382,08-04-2024,CARD00258,MERC00324,PURCHASE,61.17,EUR,A,0
TXN0003713,13-01-2024,CARD00324,MERC00147,BALANCE TRANSFER,2067.39,USD,A,0
TXN0008411,28-05-2024,CARD00378,MERC00363,PURCHASE,95.92,AED,A,0
TXN0014420,24-04-2024,CARD00754,MERC00027,PURCHASE,$139.90,MXN,A,0
TXN0009116,45417,CARD00697,MERC00160,PURCHASE,$88.39,GBP,A,0
TXN0002184,16-01-2024,CARD00160,MERC00319,BALANCE TRANSFER,669.72,USD,A,0
TXN0006933,04-04-2024,CARD00760,MERC00147,BALANCE TRANSFER,1162.52,INR,A,1
TXN0014681,45298,CARD00144  ,MERC00319,PURCHASE,18.55,INR,A,1
TXN0010353,06-02-2024,CARD00773,MERC00314,PURCHASE,72.9,CAD,A,0
TXN0006056,02-03-2024,CARD00287,MERC00320,PURCHASE,9.42,USD,A,0
TXN0002316,31-03-2024,CARD00427,MERC00025,PURCHASE,95.8,USD,A,0
TXN0001672,30-06-2024,CARD00681,MERC00183,PURCHASE,25.01,USD,A,0
TXN0000098,17-03-2024,CARD00645,MERC00046,PURCHASE,257.08,INR,A,0
TXN0007615,15-06-2024,CARD00170,MERC00393,ATM WITHDRAWAL,20.0,USD,A,0
TXN0012513,28-06-2024,CARD00640,MERC00380,ATM WITHDRAWAL,40.0,JPY,A,0
TXN0001613,12-03-2024,CARD00362,MERC00034,BALANCE TRANSFER,1284.27,EUR,A,1
TXN0000006,45448,CARD00606,MERC00326,PURCHASE,361.83,USD,A,0
TXN0014005,05-02-2024,CARD00250,MERC00243,PURCHASE,53.2,MXN,A,0
TXN0006717,26-04-2024,CARD00736,MERC00088,PURCHASE,32.18,USD,A,0
TXN0014529,03-01-2024,CARD00024,MERC00303,PURCHASE,310.07,AUD,A,1
TXN0000252,45393,CARD00544,MERC00051,PURCHASE,51.76,USD,A,0
TXN0008569,18-04-2024,CARD00667,MERC00063,PURCHASE,46.97,BRL,A,0
TXN0009419,10-03-2024,CARD00549,MERC00124,BALANCE TRANSFER,582.94,JPY,A,0
TXN0007565,17-02-2024,CARD00523,MERC00069,PURCHASE,401.55,EUR,A,0
TXN0009942,30-06-2024,CARD00640,MERC00077,PURCHASE,14.0,JPY,A,0
TXN0003316,01-06-2024,CARD00584,MERC00376,ATM WITHDRAWAL,40.0,INR,A,0
TXN0004869,09-01-2024,CARD00695,MERC00137,CASH ADVANCE,1156.22,JPY,A,0
TXN0014395,16-01-2024,CARD00665,MERC00122,PURCHASE,46.35,EUR,A,0
TXN0003885,29-05-2024,CARD00650,MERC00219,  PURCHASE,$96.90,USD,A,0
TXN0008189,45425,CARD00317,MERC00363,PURCHASE,65.43,AED,A,0
TXN0010037,18-02-2024,CARD00207,MERC00121,PURCHASE,77.2,GBP,A,1
TXN0000793,19-04-2024,CARD00795,MERC00247,PURCHASE,813.4,USD,A,0
TXN0006269,29-05-2024,CARD00577,MERC00207, PURCHASE ,$59.02,GBP,A,0
TXN0015737,21-04-2024,CARD00256,MERC00368,PURCHASE,6.15,JPY,A,0
TXN0008840,16-05-2024,CARD00730,MERC00120,PURCHASE,30.89,JPY,A,0
TXN0001084,28-05-2024,CARD00253,MERC00187,PURCHASE,770.77,AUD,A,0
TXN0014136,45467,CARD00406,MERC00307,CASH ADVANCE,159.54,AUD,A,1
TXN0007540,18-05-2024,CARD00499,MERC00243,PURCHASE,15.36,MXN,D,0
TXN0005217,25-05-2024,CARD00066,MERC00335,PURCHASE,181.07,CAD,A,0
TXN0007089,26-04-2024,CARD00304,  MERC00289,PURCHASE,13.57,BRL,A,0
TXN0009526,28-06-2024,CARD00608,MERC00365,BALANCE TRANSFER,939.85,USD,A,0
TXN0006461,45364,CARD00093  ,MERC00390,ATM WITHDRAWAL,200.0,MXN,A,0
TXN0005917,27-03-2024,CARD00701,MERC00020,PURCHASE,94.26,EUR,A,1
TXN0009949  ,05-06-2024,CARD00654,MERC00139,PURCHASE,9.48,USD,A,1
TXN0013035,02-06-2024,CARD00733,MERC00334,PURCHASE,21.94,AUD,A,0
TXN0013428,17-03-2024,CARD00224,MERC00390,ATM WITHDRAWAL,500.0,MXN,A,0
TXN0014327,27-01-2024,CARD00222,MERC00022,PURCHASE,82.18,GBP,A,0
TXN0001255,20-05-2024,CARD00683,MERC00198,PURCHASE,15.37,EUR,A,0
TXN0015192,09-03-2024,CARD00614,MERC00374,ATM WITHDRAWAL,150.0,SGD,A,1
TXN0004024,18-01-2024,CARD00697,MERC00127,PURCHASE,18.94,GBP,A,0
TXN0008703,45395,CARD00692,MERC00267,PURCHASE,73.71,MXN,A,0
TXN0015513,09-06-2024,CARD00363,MERC00258,PURCHASE,14.9,USD,A,0
TXN0001483,45390,CARD00799,MERC00363,PURCHASE,89.53,AED,A,0
TXN0014326,26-06-2024,CARD00629,MERC00075,PURCHASE,20.32,USD,A,0
TXN0000217,21-02-2024,CARD00441,MERC00011,PURCHASE,104.36,INR,A,0
TXN0011692,18-05-2024,CARD00741,MERC00002,PURCHASE,$13.11,INR,A,0
TXN0001641,26-02-2024,CARD00080,MERC00338,PURCHASE,47.76,USD,A,0
TXN0015749,06-06-2024,CARD00703,MERC00076,PURCHASE,53.1,INR,A,0
TXN0008028,09-04-2024,CARD00289,MERC00122,PURCHASE,77.64,EUR,D,0
TXN0001346,45437,CARD00275,MERC00393,ATM WITHDRAWAL,60.0,USD,A,0
TXN0001521,12-03-2024,CARD00588,MERC00391,ATM WITHDRAWAL,20.0,USD,D,0
TXN0001789,24-02-2024,CARD00246,MERC00314,PURCHASE,112.82,CAD,A,0
TXN0003608,45317,CARD88617,MERC00173,PURCHASE,160.41,USD,A,0
TXN0009234,45309,CARD00487,MERC00002,PURCHASE,88.32,INR,A,0
TXN0009915,05-05-2024,CARD00715,MERC00075,PURCHASE,109.37,MXN,A,1
TXN0009191,14-03-2024,CARD00667,MERC00016,CASH ADVANCE,363.47,BRL,A,0
TXN0007047,23-03-2024,CARD00279  ,MERC00116,PURCHASE,183.32,SGD,D,0
TXN0013328,03-06-2024,CARD00419,MERC00336,BALANCE TRANSFER,704.93,BRL,A,0
TXN0003139,03-03-2024,CARD00657,MERC00376,ATM WITHDRAWAL,60.0,INR,A,0
TXN0000943,10-03-2024,CARD00051,MERC00373,ATM WITHDRAWAL,20.0,GBP,A,0
TXN0003809,03-04-2024,CARD00132,MERC00036  ,PURCHASE,115.58,INR,A,0
TXN0011301,01-02-2024,CARD00130,MERC00230,BALANCE TRANSFER,352.26,AUD,A,0
TXN0001900,18-02-2024,CARD00118,MERC00318,  PURCHASE,11.04,AED,A,0
TXN0006700,25-04-2024,CARD00464 ,MERC00053,PURCHASE,32.68,BRL,A,0
TXN0014286,11-03-2024,CARD00197,MERC00285,PURCHASE,95.17,GBP,A,0
TXN0015011,24-03-2024,CARD00407,MERC00384,ATM WITHDRAWAL,40.0,USD,A,0
TXN0001452,16-02-2024,CARD00096,MERC00290,PURCHASE,61.86,INR,A,0
TXN0007375,27-03-2024,CARD00536,MERC00076,  CASH ADVANCE,727.48,INR,A,0
  TXN0011702,21-05-2024,CARD00787,MERC00022,PURCHASE,63.4,GBP,A,0
TXN0003853,14-02-2024,CARD00377,MERC00156,BALANCE TRANSFER,755.62,EUR,A,0
TXN0011312,06-01-2024,CARD00467,MERC00336,PURCHASE,16.2,BRL,A,0
TXN0007903,12-04-2024,CARD00008,MERC00388,ATM WITHDRAWAL,20.0,INR,A,0
TXN0012271,19-02-2024,CARD00004,MERC00305,  PURCHASE,38.6,AED,A,0
TXN0008175,15-01-2024,CARD00086,MERC00281,PURCHASE,$145.79,USD,A,0
TXN0015080,20-02-2024,CARD00223,MERC00217,PURCHASE,105.59,BRL,A,0
TXN0007723,12-03-2024,CARD00212,MERC00204,PURCHASE,19.47,AUD,A,0
TXN0013989,26-05-2024,CARD00202,MERC00343,BALANCE TRANSFER,954.85,EUR,A,0
TXN0006318,21-04-2024,CARD00176,MERC00156,PURCHASE,$69.18,EUR,A,0
TXN0008885,07-06-2024,CARD00133,MERC00108,PURCHASE,45.95,JPY,A,0
TXN0011961,45431,CARD00123,MERC00133,PURCHASE,46.97,USD,A,0
TXN0000846,03-03-2024,CARD00796,MERC00315,BALANCE TRANSFER,744.8,CAD,A,0
TXN0004120,01-02-2024,CARD00598,MERC00173,PURCHASE,840.15,USD,A,0
TXN0002421,18-01-2024, CARD00477 ,MERC00177,PURCHASE,$30.28,SGD,A,0
TXN0007092,18-01-2024,CARD00180,MERC00338,PURCHASE,33.71,USD,A,0
TXN0002509,45294,CARD00679,MERC00075,PURCHASE,16.5,USD,A,0
TXN0010260,13-05-2024,CARD00366,MERC00393,ATM WITHDRAWAL,20.0,USD,A,0
TXN0013846,31-05-2024,CARD00331,MERC00374,ATM WITHDRAWAL,200.0,EUR,A,0
  TXN0003264,26-01-2024,CARD00550,MERC00391,ATM WITHDRAWAL,100.0,USD,A,0
TXN0000212,45434,CARD00356,MERC00219,PURCHASE  ,608.85,USD,A,0
TXN0012613,25-03-2024,CARD00415,MERC00001,BALANCE TRANSFER,$563.57,CAD,A,0
TXN0011852,28-03-2024,CARD00419,MERC00029,PURCHASE,5.02,BRL,A,1
TXN0007976,13-03-2024,CARD00637,MERC00065,PURCHASE,247.89,EUR,A,1
TXN0012882,31-01-2024,CARD00292,MERC00127,PURCHASE,23.91,GBP,A,0
TXN0004250,20-03-2024,CARD00701,MERC00110,PURCHASE,65.59,EUR,A,0
TXN0000267,45420,CARD00131,MERC00352,CASH ADVANCE,161.54,INR,A,0
TXN0014220,31-03-2024,CARD00452,MERC00240,PURCHASE,24.91,AUD,A,0
TXN0006961,45353,CARD00580,MERC00038,PURCHASE,43.45,USD,A,0
TXN0013332,30-06-2024,CARD00423,MERC00130,PURCHASE,208.11,EUR,A,0
TXN0013519,27-04-2024,CARD00212,MERC00070,PURCHASE,94.33,AUD,A,0
TXN0001045,45459,CARD00409,MERC00311,PURCHASE,$109.81,JPY,A,1
TXN0007588,13-06-2024,CARD00271,MERC00204,PURCHASE,71.52,AUD,A,0
TXN0015138,23-04-2024,CARD00364,MERC00186 ,PURCHASE,52.22,EUR,A,0
TXN0003793,13-04-2024,CARD00491,MERC00136,CASH ADVANCE,$185.69,BRL,A,0
TXN0014440,27-06-2024,CARD00064,MERC00054,PURCHASE,$192.39,INR,D,0
TXN0011672,13-05-2024,CARD00728,MERC00346,PURCHASE,93.11,MXN,A,0
TXN0004932,24-01-2024,CARD00209,MERC00052,PURCHASE,80.71,GBP,A,0
TXN0007296,24-04-2024,CARD00355,MERC00258,PURCHASE,106.17,USD,A,0
TXN0005905,23-05-2024,CARD00136,MERC00184,PURCHASE,529.26,USD,A,0
TXN0001674,26-05-2024,CARD00216,MERC00243,PURCHASE,316.21,AED,A,1
  TXN0007312,30-06-2024,CARD00779,MERC00152,PURCHASE,53.28,INR,A,0
TXN0010271,26-06-2024,CARD00189,MERC00011,PURCHASE,30.46,INR,A,0
TXN0003726,15-05-2024,CARD00743,MERC00006  ,PURCHASE,89.72,BRL,A,0
TXN0012458,18-01-2024,CARD00244,MERC00225,PURCHASE,165.45,USD,A,0
TXN0012287,18-06-2024,CARD00179,MERC00136,PURCHASE,63.65,BRL,A,0
TXN0011645,16-06-2024,CARD00263,MERC00054,PURCHASE,77.32,INR,A,0
TXN0010870,11-04-2024,CARD00056,MERC00208,PURCHASE,128.19,SGD,A,0
TXN0003951,01-04-2024,CARD00237,MERC00069,PURCHASE,24.62,EUR,A,0
TXN0015568,18-05-2024,CARD00160,MERC00098,PURCHASE,86.14,USD,A,0
TXN0015565  ,11-06-2024,CARD00040,MERC00364,PURCHASE,364.52,USD,A,1
TXN0006847,19-02-2024,CARD00083,MERC00035,PURCHASE,54.79,BRL,A,0
TXN0009574,45439,CARD00490,MERC00221,PURCHASE,21.75,AED,A,0
TXN0010511,27-04-2024,CARD00787,MERC00193,PURCHASE,270.15,GBP,A,0
TXN0004614,04-01-2024,CARD00572,MERC00370,PURCHASE,21.93,JPY,A,0
TXN0013097,24-05-2024,CARD00097,MERC00059,PURCHASE,90.97,USD,A,0
TXN0005856,27-04-2024,CARD00464,MERC00040,PURCHASE,40.02,BRL,A,0
TXN0007113,30-05-2024,CARD00452,MERC00260,BALANCE TRANSFER,272.33,AUD,A,1
TXN0001736,25-02-2024,CARD00257,MERC00138,PURCHASE,22.47,SGD,A,0
TXN0014969,26-06-2024,CARD00405,MERC00195,BALANCE TRANSFER,1301.29,INR,A,0
TXN0006672,18-03-2024,CARD00028,MERC00343,PURCHASE,16.9,EUR,A,0
TXN0009605,06-03-2024,CARD00133,MERC00368,BALANCE TRANSFER,"$1,415.83",JPY,A,0
TXN0013358,08-01-2024,CARD00288,MERC00314,PURCHASE,34.07,CAD,A,0
TXN0011153,21-03-2024,CARD00279,MERC00028,PURCHASE,98.34,SGD,A,0
TXN0006303,31-01-2024,CARD00733,MERC00230,PURCHASE,35.22,AUD,A,0
TXN0011585,19-06-2024,CARD00089,MERC00308,PURCHASE,45.91,USD,A,0
TXN0012192,25-04-2024,CARD00751,MERC00074,PURCHASE,34.99,AUD,A,0
TXN0000240,25-01-2024,CARD00289,MERC00223,PURCHASE,148.3,EUR,A,0
TXN0009102,45467,CARD00275,MERC00225,PURCHASE,39.59,USD,A,0
TXN0014333,19-04-2024,CARD00498,MERC00200,PURCHASE,84.89,USD,A,0
TXN0010710,10-01-2024,CARD00526,MERC00282,BALANCE TRANSFER,$296.82,MXN,A,1
TXN0007828,08-02-2024,CARD00375,MERC00321,PURCHASE ,$54.53,AED,A,0
TXN0004964,18-06-2024,CARD00337,MERC00230,PURCHASE,104.85,AUD,A,0
TXN0001064,14-06-2024,CARD00521,MERC00215,BALANCE TRANSFER,1069.28,EUR,A,0
TXN0015113,01-05-2024,CARD00223,MERC00006,PURCHASE,88.88,BRL,A,0
TXN0005840,25-04-2024,CARD00050,MERC00312,PURCHASE,469.99,EUR,A,0
TXN0006454,28-05-2024,CARD00784,MERC00222,PURCHASE,92.45,EUR,A,0
TXN0010780,45373,CARD00094,MERC00291,PURCHASE,24.12,EUR,A,0
TXN0008459,10-01-2024,CARD00461,MERC00378,ATM WITHDRAWAL,20.0,EUR,A,0
TXN0015819,45471,CARD00726,MERC00396,ATM WITHDRAWAL,20.0,EUR,A,0
TXN0003477,06-05-2024,CARD00030,MERC00341,PURCHASE,100.93,USD,A,0
TXN0012167,29-03-2024,CARD00206,MERC00272,PURCHASE,196.23,GBP,A,0
TXN0002314,04-03-2024,CARD00690,MERC00353,PURCHASE,25.6,AUD,A,0
TXN0009354,07-03-2024,CARD00291,MERC00077,PURCHASE,70.13,JPY,A,0
TXN0012222,05-02-2024,CARD00036,MERC00060,PURCHASE,195.27,GBP,A,0
TXN0010604,05-04-2024,CARD00724,MERC00011,PURCHASE,30.54,INR,D,0
TXN0001062,12-06-2024,CARD00114,MERC00044,PURCHASE,3.15,MXN,A,0
TXN0007418,01-02-2024,CARD00024,MERC00387,ATM WITHDRAWAL,$60.00,AUD,A,0
TXN0004526,06-06-2024, CARD00644 ,MERC00385,ATM WITHDRAWAL,40.0,GBP,A,0
TXN0005375,22-03-2024,CARD00586  ,MERC00275,PURCHASE,2952.13,MXN,A,0
TXN0001684,03-06-2024,CARD00713,MERC00340,PURCHASE,8.4,CAD,A,0
TXN0000644,01-05-2024,CARD00311,MERC00218,PURCHASE,112.43,USD,A,0
TXN0005409,45363,CARD00049,MERC00222,PURCHASE,171.41,EUR,A,0
TXN0013111,21-03-2024,CARD00690,MERC00070,PURCHASE,35.82,AUD,A,0
TXN0010670,45324,CARD00539,MERC00205,PURCHASE,78.23,INR,A,0
TXN0004006,21-04-2024,CARD00411,MERC00129,PURCHASE,7.07,INR,A,0
TXN0001071,05-03-2024,CARD00328,MERC00288,PURCHASE,21.91,USD,A,0
TXN0007264,25-04-2024,CARD00297,MERC00250,PURCHASE,77.57,INR,A,0
TXN0002312,09-04-2024,CARD00457,MERC00240,PURCHASE,64.44,AUD,A,0
TXN0011066,23-05-2024,CARD00332,MERC00390,ATM WITHDRAWAL,20.0,MXN,A,0
TXN0008222,15-04-2024,CARD00714,MERC00303,PURCHASE,168.57,USD,A,0
TXN0007462,23-03-2024,CARD00256,MERC00120,PURCHASE,16.2,JPY,A,0
TXN0014951,03-04-2024,CARD00657,MERC00274,PURCHASE,40.36,INR,A,0
  TXN0010873,27-05-2024,CARD00168,MERC00352  ,PURCHASE,54.68,INR,A,0
TXN0007986,26-02-2024,CARD00435,MERC00284,PURCHASE,61.49,USD,A,0
TXN0014163,16-05-2024,CARD00590,  MERC00223,PURCHASE,$77.47,EUR,A,0
TXN0004495,04-04-2024,CARD00568,MERC00038,PURCHASE,125.24,USD,A,0
TXN0005588,10-03-2024,CARD00367,MERC00176,PURCHASE,23.31,CAD,A,0
TXN0005007,07-05-2024,CARD00598,MERC00059,PURCHASE,293.72,USD,A,0
TXN0007662,10-04-2024,CARD00544,MERC00013,CASH ADVANCE,549.15,USD,A,0
TXN0010950,06-06-2024,CARD00707,MERC00240,PURCHASE,106.88,USD,A,1
TXN0011520,10-05-2024,CARD00145,MERC00368,PURCHASE,103.7,JPY,A,0
TXN0011409,08-02-2024,CARD00065,MERC00347,PURCHASE,462.1,EUR,A,0
TXN0008873,24-06-2024,CARD00474,MERC00002,BALANCE TRANSFER,931.85,INR,A,0
TXN0013704,28-01-2024,CARD00493,MERC00338,PURCHASE,59.84,EUR,A,1
TXN0012976,03-06-2024,CARD00798,MERC00025,CASH ADVANCE,179.82,USD,A,0
TXN0007281,04-05-2024,CARD00466,MERC00102,PURCHASE,136.78,INR,A,0
TXN0000319,25-04-2024, CARD00267 ,MERC00336,PURCHASE,9.61,BRL,A,0
TXN0011659,18-06-2024,  CARD00365,MERC00169,PURCHASE,41.6,INR,A,0
TXN0011715,17-05-2024,CARD00663,MERC00239,PURCHASE,343.94,USD,A,0
TXN0011534,17-03-2024,CARD00474,MERC00323,PURCHASE,126.85,INR,D,0
TXN0011110,07-03-2024,CARD00154,MERC00354,PURCHASE,$137.18,USD,A,0
TXN0014168,45405,CARD00255,MERC00287,PURCHASE,1161.97,AUD,A,0
TXN0000660,45301,CARD00076,MERC00092,PURCHASE,45.89,INR,A,0
TXN0013890,28-03-2024,CARD00144,MERC00011,PURCHASE,100.24,INR,A,0
TXN0015452,27-06-2024,CARD00226,MERC00338,PURCHASE,$17.69,USD,A,0
TXN0013417,16-06-2024,CARD00795,MERC00037,PURCHASE,234.37,USD,A,1
TXN0012674,20-04-2024,CARD00317,MERC00089,PURCHASE,507.65,AED,A,0
TXN0002490,02-01-2024,CARD00134,MERC00133,PURCHASE,58.94,USD,A,0
TXN0010007,45303,CARD00324,MERC00293,PURCHASE,64.44,USD,A,1
TXN0012000,18-01-2024,CARD00629,MERC00206,PURCHASE,20.2,USD,A,0
TXN0013792,12-05-2024,CARD00122,MERC00229,PURCHASE,119.55,INR,A,0
TXN0005871,24-03-2024,CARD00295,MERC00070,PURCHASE,72.61,AUD,A,0
TXN0003250,21-04-2024,CARD00639,MERC00178,PURCHASE,17.31,GBP,A,0
TXN0006257,10-05-2024,CARD00678,MERC00332  ,PURCHASE,57.63,CAD,A,0
TXN0013389,05-06-2024,CARD00029,  MERC00278,PURCHASE,60.17,USD,A,0
TXN0010410,22-04-2024,CARD00336,MERC00398,ATM WITHDRAWAL,20.0,USD,A,0
TXN0002874,19-03-2024,CARD00006,MERC00189,PURCHASE,60.55,USD,A,1
TXN0015313,11-03-2024,CARD00354,MERC00289,PURCHASE,67.67,BRL,A,0
TXN0008509,45432,CARD00345,MERC00103,PURCHASE,155.45,EUR,A,0
TXN0002628,45394,CARD00424 ,MERC00295,PURCHASE,16.66,JPY,A,0
TXN0006352,24-01-2024,CARD00424,MERC00124,PURCHASE,30.7,JPY,A,0
TXN0012797,19-04-2024,CARD00384,MERC00168,PURCHASE,31.75,JPY,A,0
TXN0006232,10-04-2024,CARD00594,MERC00165,PURCHASE,116.18,CAD,A,0
TXN0006313,13-04-2024,CARD00152,MERC00225,PURCHASE,51.15,USD,A,0
TXN0011102,03-04-2024, CARD00189 ,MERC00161,PURCHASE,265.2,INR,D,0
TXN0000952,45381,CARD00405,MERC00276,PURCHASE,19.84,INR,A,0
TXN0005630,13-01-2024,CARD00788,MERC00345,PURCHASE,11.38,EUR,A,0
TXN0012826,22-05-2024,CARD00172,MERC00102,PURCHASE,11.7,INR,A,0
TXN0014160,25-02-2024,CARD00340,MERC00033,  PURCHASE,72.58,MXN,A,0
TXN0014525,19-06-2024,CARD00628,MERC00046,BALANCE TRANSFER,979.5,INR,A,0
TXN0000304,45412,CARD00147,MERC00005,PURCHASE,20.94,INR,D,0
TXN0011605,06-02-2024,CARD00038,MERC00391,ATM WITHDRAWAL,40.0,USD,A,0
TXN0006633,09-03-2024,CARD00517,MERC00003,PURCHASE,47.76,GBP,A,0
TXN0014550,45460,CARD00277,MERC00068,PURCHASE,18.54,BRL,A,0
TXN0000392,21-06-2024,CARD00280,MERC00189,PURCHASE,97.82,GBP,A,0
TXN0004771,17-01-2024,CARD00312  ,MERC00174,PURCHASE,218.51,USD,A,0
TXN0000067,18-03-2024,CARD00251,MERC00188,PURCHASE,131.92,USD,A,0
TXN0009006,29-04-2024,CARD00296,MERC00217,PURCHASE,72.87,BRL,A,0
TXN0007959,17-05-2024,CARD00455,MERC00245, PURCHASE ,249.29,AED,A,0
TXN0003338,11-02-2024,CARD00233,MERC00046,PURCHASE,15.93,INR,A,0
TXN0012198,27-03-2024,CARD00284,MERC00357,PURCHASE,110.58,GBP,A,0
TXN0008866,22-04-2024,CARD00031,MERC00169,PURCHASE,88.78,USD,A,1
TXN0000499,08-04-2024,CARD00145,MERC00077,CASH ADVANCE,$424.52,JPY,A,0
TXN0008194,45432,CARD00130,MERC00334,PURCHASE,88.97,AUD,A,0
TXN0014276,07-05-2024,CARD00390,MERC00316,PURCHASE,59.31,GBP,A,1
TXN0009008,11-06-2024,CARD00071,MERC00235,PURCHASE,11.88,MXN,A,0
TXN0003791,08-01-2024,CARD00257,MERC00237,PURCHASE,25.18,SGD,A,0
TXN0008688,23-06-2024,CARD00205,MERC00369,PURCHASE,39.08,INR,A,0
TXN0006478,11-04-2024,CARD00190,MERC00380,ATM WITHDRAWAL,150.0,JPY,A,0
TXN0011302,28-03-2024,CARD00608,MERC00214,BALANCE TRANSFER,1046.5,USD,A,1
TXN0001319,16-01-2024,CARD88444, MERC00136 ,PURCHASE,462.35,BRL,A,0
TXN0002650,45412,CARD00087,MERC00265,PURCHASE,112.66,USD,A,0
TXN0008421,13-04-2024,CARD00619,MERC00279,PURCHASE,168.88,USD,A,0
TXN0010132,06-05-2024,CARD00634,MERC00258,PURCHASE,1585.91,USD,A,0
TXN0010782,08-06-2024,CARD00685,MERC00336,BALANCE TRANSFER,555.48,BRL,A,0
TXN0004037,05-05-2024,CARD00190,MERC00167,PURCHASE,15.24,JPY,A,0
TXN0001496,18-05-2024,CARD00381,MERC00175,PURCHASE,$109.53,USD,A,0
TXN0013626,15-06-2024,CARD00482,MERC00027,PURCHASE,163.01,MXN,A,0
TXN0005948,28-04-2024,CARD00531,MERC00037,PURCHASE,19.62,BRL,A,1
TXN0008314,45312,CARD00268,MERC00080,PURCHASE,122.04,SGD,A,0
TXN0013646,08-05-2024,CARD00094,MERC00097,PURCHASE,48.9,EUR,A,0
TXN0003816,45331,CARD00305,MERC00288,PURCHASE,10.69,USD,A,0
TXN0002608,20-01-2024,CARD00268,MERC00138,PURCHASE,13.72,SGD,A,0
TXN0000149,26-05-2024,CARD00158,MERC00392,ATM WITHDRAWAL,200.0,USD,A,0
  TXN0012938,08-04-2024,CARD00637,MERC00130,PURCHASE,105.85,EUR,A,0
TXN0013661,19-06-2024,CARD00082,MERC00346,BALANCE TRANSFER,280.67,MXN,A,0
TXN0008323,45393,CARD00205,MERC00352,PURCHASE,63.5,INR,A,0
TXN0002010,02-02-2024,CARD00375,MERC00363,PURCHASE,21.62,AED,A,0
TXN0008102,30-04-2024,CARD00763,MERC00053,PURCHASE,113.28,BRL,A,0
TXN0014408,22-01-2024,CARD00219,MERC00333,PURCHASE,133.27,EUR,A,0
TXN0015097,11-04-2024,CARD00440,MERC00100,PURCHASE,92.17,INR,A,0
TXN0013617,03-06-2024,CARD00010,MERC00234,CASH ADVANCE,281.25,GBP,A,0
TXN0014581,06-06-2024,CARD00650,MERC00183,PURCHASE,$5.22,USD,A,0
TXN0005450,22-04-2024,CARD00390,MERC00026,BALANCE TRANSFER,866.53,GBP,A,0
TXN0012636,25-03-2024,CARD00207,MERC00026,PURCHASE,134.14,GBP,A,0
TXN0002000,15-05-2024,CARD00271,MERC00356,PURCHASE,$41.63,AUD,A,0
TXN0000417,45411,CARD00394,MERC00379,ATM WITHDRAWAL,100.0,BRL,A,0
TXN0013280,45371,CARD00061,MERC00312,PURCHASE,178.84,EUR,A,0
TXN0013399,45360,CARD00371,MERC00391,ATM WITHDRAWAL,150.0,USD,A,0
TXN0004033,03-06-2024,CARD00088,MERC00060,PURCHASE,56.04,USD,A,1
TXN0006989,03-05-2024,CARD00052,MERC00400,ATM WITHDRAWAL,$500.00,BRL,A,0
TXN0011445,45343,CARD00088,MERC00209,PURCHASE,24.34,USD,A,0
TXN0000044,25-02-2024,CARD00576,MERC00124,PURCHASE,$27.64,JPY,A,0
TXN0014129,02-01-2024,CARD00162,MERC00112,PURCHASE,31.96,INR,A,0
TXN0007949,11-04-2024,CARD00261,MERC00027,PURCHASE,18.99,MXN,A,0
TXN0014204,23-06-2024,CARD00346,MERC00280,PURCHASE,87.17,BRL,A,0
TXN0006749,04-05-2024,CARD00798,MERC00008,PURCHASE,16.76,USD,A,0
TXN0005454,20-05-2024,CARD00124,MERC00242,PURCHASE,$21.74,INR,A,0
TXN0000974,13-03-2024,CARD00614,MERC00255,PURCHASE,358.13,SGD,A,1
TXN0010829,45328,CARD00334,MERC00305,PURCHASE,39.45,AED,A,0
TXN0002031,16-04-2024,CARD00249,MERC00097,PURCHASE,125.59,EUR,A,0
TXN0003330,19-04-2024,CARD00291,MERC00378,ATM WITHDRAWAL,100.0,JPY,A,1
TXN0002908,02-01-2024,CARD00054,MERC00074,PURCHASE,6.06,AUD,A,0
 TXN0012291 ,45421,CARD00732,MERC00282,PURCHASE,32.49,INR,A,0
TXN0006188,25-04-2024,CARD00154,MERC00246,PURCHASE,126.96,USD,A,0
TXN0015786,15-02-2024,CARD00624,MERC00335,CASH ADVANCE,508.76,CAD,A,0
TXN0012417,29-06-2024,CARD00013,MERC00011,PURCHASE,130.61,USD,A,1
TXN0001582,30-01-2024,CARD00448,MERC00340,PURCHASE,49.14,CAD,A,0
TXN0014665,20-04-2024,CARD00190,MERC00172,PURCHASE,38.08,JPY,A,0
TXN0010798,15-03-2024,CARD00690,MERC00070,PURCHASE,44.94,AUD,A,0
TXN0008907,23-06-2024,CARD00699,MERC00143,PURCHASE,18.92,USD,A,0
TXN0005039,25-01-2024,CARD00034,MERC00180,PURCHASE,7.98,USD,A,0
TXN0003858,05-04-2024,CARD00322,MERC00324,PURCHASE,163.97,EUR,A,0
TXN0013918,10-04-2024,CARD88276,MERC00257,PURCHASE,$148.04,INR,A,0
TXN0007236,45412,CARD00770,MERC00341, BALANCE TRANSFER ,908.69,USD,A,0
TXN0005953,24-01-2024,CARD00423,MERC00124,PURCHASE,271.95,EUR,A,1
TXN0002774,08-04-2024,CARD00647,MERC00083,BALANCE TRANSFER,375.51,INR,A,0
TXN0007953,22-06-2024,CARD00594,MERC00081,PURCHASE,228.81,CAD,A,0
TXN0014657,05-01-2024,CARD00713,MERC00374,ATM WITHDRAWAL,20.0,CAD,D,1
TXN0013839,27-02-2024,CARD00076,MERC00134,PURCHASE,14.16,INR,A,0
TXN0002779,23-01-2024,CARD00355  ,MERC00354,PURCHASE,259.24,USD,A,0
TXN0006723,16-06-2024,CARD00519,MERC00386,ATM WITHDRAWAL,60.0,INR,A,0
TXN0013818,25-04-2024,CARD00582,MERC00354,PURCHASE,144.23,USD,A,0
TXN0006714,23-06-2024,CARD00582,MERC00384,ATM WITHDRAWAL,$200.00,USD,A,0
TXN0007855,45418,CARD00720,MERC00195,BALANCE TRANSFER,$569.46,INR,A,0
TXN0012010,29-05-2024,CARD00379,MERC00209,PURCHASE,344.46,USD,A,0
TXN0014384,03-02-2024,CARD00497,MERC00303,PURCHASE,38.61,USD,A,0
TXN0003205,22-02-2024,CARD00333,MERC00345,PURCHASE,39.21,EUR,A,0
TXN0005329,20-02-2024,CARD00742,MERC00393,ATM WITHDRAWAL,100.0,CAD,A,1
TXN0002986,45433,CARD00548,MERC00225,PURCHASE,61.81,USD,A,0
TXN0005503,25-06-2024,CARD88983,MERC00217,PURCHASE,90.67,BRL,A,0
TXN0013859,07-05-2024,CARD00304,MERC00289,BALANCE TRANSFER,1109.43,BRL,A,0
TXN0011685,45405,CARD00288,MERC00266,PURCHASE,54.87,CAD,A,0
TXN0000473,03-03-2024,CARD00249,MERC00347,BALANCE TRANSFER,1817.19,EUR,A,0
TXN0015866,02-04-2024,CARD00437,MERC00122,PURCHASE,46.65,EUR,A,0
TXN0003673,10-03-2024,CARD00187,MERC00225,PURCHASE,58.22,USD,A,0
TXN0007990,22-02-2024,CARD00470,MERC00147,PURCHASE,28.0,USD,A,0
TXN0012544,45358,CARD00696,MERC00388,ATM WITHDRAWAL,100.0,INR,D,0
TXN0015173,10-04-2024,CARD00462,MERC00072,PURCHASE,30.87,CAD,A,0
TXN0008330,15-06-2024,CARD00499,MERC00033,PURCHASE,270.32,MXN,A,0
TXN0004845,04-01-2024,CARD00234,MERC00384,ATM WITHDRAWAL,40.0,USD,A,0
TXN0013984,04-01-2024,CARD00233,MERC00211,PURCHASE,53.59,INR,A,0
TXN0011607,03-05-2024,CARD00483,MERC00399,ATM WITHDRAWAL,150.0,SGD,A,1
TXN0003642,11-05-2024,CARD00769,MERC00186,PURCHASE,213.98,EUR,A,0
TXN0008204,18-02-2024,CARD00578,MERC00170,PURCHASE,41.79,SGD,A,0
TXN0001433,22-03-2024,CARD00385,MERC00011  ,PURCHASE,$40.87,INR,A,0
TXN0005654,45403,CARD00644,MERC00127,PURCHASE,261.21,GBP,A,0
TXN0009411,03-06-2024,CARD00458,MERC00287,BALANCE TRANSFER,1033.03,AUD,A,0
TXN0007476 ,29-02-2024,CARD00554,MERC00142,PURCHASE,41.26,JPY,A,1
TXN0005543,31-01-2024,CARD00354,MERC00400,ATM WITHDRAWAL,100.0,BRL,A,0
TXN0009593,45378,CARD00221,MERC00012,PURCHASE,$125.81,SGD,A,0
TXN0015139,05-02-2024,CARD88164,MERC00062, PURCHASE ,14.17,EUR,A,0
TXN0012280,45433,CARD00632,MERC00181,PURCHASE,23.88,CAD,A,0
TXN0012428,45370,CARD00509,  MERC00125,PURCHASE,88.81,USD,A,0
TXN0003757,23-05-2024,CARD00393,MERC00063,CASH ADVANCE,190.6,BRL,A,0
TXN0006475,02-01-2024,CARD00132,MERC00293,CASH ADVANCE,509.46,INR,A,0
TXN0014270,21-03-2024,CARD00585,MERC00077,PURCHASE,22.04,INR,A,1
TXN0013317,14-03-2024,CARD00285,MERC00196,PURCHASE,19.86,EUR,A,0
TXN0001009,25-01-2024,CARD00302,MERC00105,PURCHASE,32.12,EUR,A,0
TXN0014813,20-03-2024,CARD00527,MERC00198,PURCHASE,323.36,EUR,A,0
TXN0008786,45425,CARD00220,MERC00252,PURCHASE,$48.50,USD,A,0
TXN0011850,05-05-2024,CARD00589,MERC00373,ATM WITHDRAWAL,200.0,GBP,A,0
TXN0012604,22-03-2024,CARD00648,MERC00087,PURCHASE,21.6,USD,D,0
TXN0010735,05-03-2024,CARD00456,MERC00316,PURCHASE,29.29,AUD,A,0
TXN0014100,45440,CARD00596,MERC00311,PURCHASE,77.76,AUD,A,0
TXN0002651,27-01-2024,CARD00042,MERC00391,ATM WITHDRAWAL,300.0,USD,A,0
TXN0012310,45296,CARD00678,MERC00107,PURCHASE,64.94,CAD,D,0
TXN0013573,13-02-2024,CARD00121,MERC00363,PURCHASE,12.33,AED,A,0
TXN0014778,20-01-2024,CARD00124,MERC00376,ATM WITHDRAWAL,20.0,INR,D,0
TXN0004081,22-06-2024,CARD00574,MERC00110,PURCHASE,393.18,EUR,A,0
TXN0002585,45324,CARD00644,MERC00254,PURCHASE,71.48,GBP,A,0
TXN0002473,30-03-2024,CARD00033,MERC00123,PURCHASE,26.43,USD,A,0
TXN0003488,18-02-2024,CARD00638,MERC00089,PURCHASE,48.47,AED,A,0
TXN0011503,23-04-2024,CARD00492,MERC00379,ATM WITHDRAWAL,60.0,BRL,A,0
TXN0010916,24-06-2024,CARD00544,MERC00038,PURCHASE,52.75,USD,A,0
TXN0002003,02-05-2024,CARD00051,MERC00052,PURCHASE,$74.83,GBP,A,0
TXN0011895,03-06-2024,CARD00435,MERC00298,BALANCE TRANSFER,393.46,USD,A,0
  TXN0015656,08-02-2024,CARD00714,MERC00308 ,PURCHASE,37.45,USD,A,0
TXN0004566,21-06-2024,CARD00560,MERC00280,PURCHASE,69.08,BRL,A,0
TXN0010453,07-05-2024,CARD00766,MERC00009  ,PURCHASE,33.61,GBP,A,0
TXN0005459,45445,CARD00024,MERC00244,CASH ADVANCE,132.37,AUD,A,0
TXN0007103,30-06-2024,CARD00277,MERC00289,PURCHASE,132.81,BRL,A,0
TXN0003074,45362,CARD00774,MERC00286,PURCHASE,31.95,GBP,A,0
TXN0001193,45296,CARD00757,MERC00320,CASH ADVANCE,123.08,USD,A,0
TXN0008045,09-05-2024,CARD00414,MERC00174,PURCHASE,37.64,USD,A,0
TXN0004479,21-01-2024,CARD00332,MERC00390,ATM WITHDRAWAL,$100.00,MXN,D,0
 TXN0002281 ,19-01-2024,CARD00709,MERC00384,ATM WITHDRAWAL,500.0,USD,A,0
TXN0008455,01-03-2024,CARD00631,MERC00143,PURCHASE,155.57,AUD,A,1
TXN0013146,16-01-2024,CARD00153,MERC00354,BALANCE TRANSFER,1725.86,USD,A,0
TXN0000050,14-05-2024,CARD00349,MERC00263,PURCHASE,41.93,BRL,A,0
TXN0015728,20-05-2024,CARD00080,MERC00018,PURCHASE,101.11,USD,A,0
TXN0005973,13-02-2024,CARD00722,MERC00353,PURCHASE,232.59,AUD,A,0
TXN0011499,10-03-2024,CARD00581,MERC00246,PURCHASE,$20.55,USD,A,0
TXN0005712,23-02-2024,CARD00110,MERC00179,PURCHASE,16.09,AUD,D,0
TXN0013829,25-01-2024,CARD00119,MERC00110,PURCHASE,549.8,USD,A,1
TXN0010205,45411,CARD00736,MERC00183,PURCHASE,74.34,USD,A,0
TXN0001923,08-02-2024,CARD00590,MERC00103,PURCHASE,23.18,EUR,A,0
TXN0007928,20-04-2024,CARD00163,MERC00385,ATM WITHDRAWAL,$100.00,GBP,A,0
TXN0001320,06-06-2024,CARD00234,MERC00341,PURCHASE,19.35,USD,A,0
TXN0003120,26-03-2024,CARD00371,MERC00202,PURCHASE,24.22,USD,A,0
TXN0004370,27-04-2024,CARD00009,MERC00025,PURCHASE,26.17,USD,A,0
TXN0002578,45355,CARD00684,MERC00291,PURCHASE,22.56,EUR,A,0
TXN0000238,08-04-2024,CARD00172,MERC00276,PURCHASE,16.46,INR,A,0
TXN0006019,16-01-2024,CARD00543,MERC00209,BALANCE TRANSFER,1443.08,USD,A,0
TXN0015676,08-06-2024,CARD00367, MERC00328 ,PURCHASE,44.1,CAD,A,0
TXN0012289,21-03-2024,CARD00026,MERC00018,PURCHASE,$42.74,USD,A,0
TXN0001326,14-03-2024,CARD00621,MERC00164,PURCHASE,17.06,AUD,A,0
TXN0010909,45336,CARD00317,MERC00254,PURCHASE,302.48,AED,A,1
TXN0014300,27-06-2024,CARD00291,MERC00202,PURCHASE,165.09,JPY,A,1
TXN0006270,11-05-2024,CARD00716,MERC00192,PURCHASE,56.52,MXN,A,0
TXN0001136,29-04-2024,CARD00444,MERC00225,PURCHASE,84.82,USD,A,0
TXN0013889,20-02-2024,CARD00141,MERC00327,BALANCE TRANSFER,458.9,EUR,A,0
TXN0015583,21-02-2024,CARD00543,MERC00365,PURCHASE,58.57,USD,A,0
TXN0008820,18-06-2024,CARD00052,MERC00040,PURCHASE,34.43,BRL,A,0
TXN0009120,02-05-2024,CARD00074,MERC00237,PURCHASE,32.62,SGD,A,0
TXN0009725,13-02-2024,CARD00639,MERC00385,ATM WITHDRAWAL,100.0,GBP,A,0
TXN0006394,24-02-2024,CARD00090,MERC00067,BALANCE TRANSFER,576.01,GBP,A,0
TXN0006016,10-03-2024,CARD00660,MERC00149,PURCHASE,7.25,INR,A,0
TXN0009367,23-05-2024,CARD00356,MERC00320,PURCHASE,84.0,USD,D,0
TXN0007641,08-02-2024,CARD00183,MERC00237,PURCHASE,25.85,SGD,A,0
TXN0003949,29-06-2024,CARD00717,  MERC00046,BALANCE TRANSFER,1003.28,INR,A,0
TXN0014879,26-02-2024,CARD00493,MERC00333,PURCHASE,39.01,EUR,A,0
TXN0000806,18-05-2024,CARD00313,MERC00386,ATM WITHDRAWAL,150.0,CAD,A,1
TXN0000612,03-06-2024,CARD00075,MERC00169,PURCHASE,30.14,INR,A,0
TXN0001024,26-05-2024,CARD00053,MERC00133,CASH ADVANCE,386.11,USD,A,0
  TXN0014553,28-05-2024,CARD00617,MERC00193,PURCHASE  ,62.32,CAD,A,1
TXN0009209,10-03-2024,CARD00426,MERC00268,PURCHASE,97.99,INR,A,0
TXN0011873,45435,CARD00104,MERC00285,PURCHASE,19.85,GBP,A,0
TXN0011129,07-04-2024,CARD00332,MERC00275,PURCHASE,$34.19,MXN,A,0
TXN0004396,45355,CARD00594,MERC00307,PURCHASE,51.5,CAD,A,0
TXN0005327,31-01-2024,CARD00477,MERC00190,PURCHASE,14.63,SGD,A,0
TXN0014216,45471,CARD00737,MERC00242,PURCHASE,13.58,INR,A,0
TXN0009119,06-04-2024,CARD00407,MERC00319,PURCHASE,39.71,USD,A,0
TXN0003456,45355,CARD00019,MERC00292,PURCHASE,104.58,GBP,A,0
TXN0012545,15-01-2024,CARD00736,MERC00147,PURCHASE,8.96,USD,A,0
TXN0011801,05-01-2024,CARD00617  ,MERC00101,CASH ADVANCE,442.31,CAD,A,1
TXN0004298,20-03-2024,CARD00365,MERC00376,ATM WITHDRAWAL,300.0,INR,A,0
TXN0013151,24-06-2024,CARD00115,MERC00027,PURCHASE,$153.52,MXN,A,0
TXN0009203,25-06-2024,CARD00330,MERC00364,PURCHASE,53.26,JPY,A,0
TXN0012984,26-04-2024,CARD00439,MERC00062,PURCHASE,14.77,EUR,A,0
TXN0004820,06-06-2024,CARD00490,MERC00363,PURCHASE,60.31,AED,A,0
TXN0013852,20-04-2024,CARD00402,MERC00126,PURCHASE,38.83,INR,A,0
TXN0003974,45348,CARD00567,MERC00298,PURCHASE,$63.57,USD,A,0
TXN0005977,17-03-2024,CARD00199,  MERC00042,PURCHASE,29.06,USD,A,0
TXN0014425,03-03-2024,CARD00143,MERC00205,PURCHASE,44.51,INR,A,0
TXN0009194,45376,CARD00048,MERC00380,ATM WITHDRAWAL,100.0,CAD,A,1
TXN0008646,07-02-2024,CARD00781,MERC00031,PURCHASE,37.82,CAD,A,0
TXN0015465,45308,CARD00610,MERC00247,PURCHASE,319.56,USD,A,0
TXN0010394,45429,CARD00406,MERC00074,PURCHASE,16.21,AUD,A,0
TXN0001337,45294,CARD00553,MERC00049,PURCHASE,$11.87,EUR,A,0
TXN0004634,01-03-2024,CARD00639,MERC00026,PURCHASE,28.45,GBP,A,0
TXN0005704,02-05-2024,CARD00510,MERC00330,PURCHASE,$379.47,INR,A,0
TXN0005449,27-04-2024,CARD00474,MERC00291,PURCHASE,129.58,INR,A,1
TXN0002601,01-04-2024,CARD00621,MERC00074,PURCHASE,60.28,AUD,A,0
TXN0010702,02-06-2024,CARD00699,MERC00349,PURCHASE,67.81,USD,A,0
TXN0008949,18-01-2024,CARD00034,MERC00025,PURCHASE,4.95,USD,A,0
TXN0000441,30-06-2024,CARD00107,MERC00251,PURCHASE,23.67,JPY,A,0
TXN0000047,11-06-2024,CARD00557,MERC00050,PURCHASE,140.64,MXN,A,0
TXN0003234,06-01-2024,CARD00018,MERC00156,PURCHASE,10.57,EUR,A,0
TXN0008770,03-03-2024,CARD00295,MERC00073,PURCHASE,19.37,AUD,A,0
TXN0003903,25-05-2024,CARD00048,MERC00307,PURCHASE,14.64,CAD,A,0
TXN0009762,06-06-2024,CARD00014,MERC00395,ATM WITHDRAWAL,$40.00,CAD,A,1
TXN0007575,45466,CARD00584,MERC00323,PURCHASE,55.0,INR,A,0
TXN0011802,10-01-2024,CARD00275,MERC00087,PURCHASE,8.71,USD,A,0
TXN0015929,25-05-2024,CARD00406,MERC00179,PURCHASE,184.48,AUD,A,0
TXN0007389,27-06-2024,CARD00412,MERC00127,PURCHASE,173.91,GBP,A,0
TXN0008684,03-04-2024,CARD00451,MERC00143,PURCHASE,106.11,USD,A,0
TXN0012236,02-03-2024,CARD00234,MERC00193,PURCHASE,7.73,USD,A,1
TXN0015102,13-06-2024,CARD00697,MERC00185,PURCHASE,115.18,GBP,A,0
TXN0000079,02-06-2024,CARD00291,MERC00168,PURCHASE,19.81,JPY,A,0
TXN0003786,18-03-2024,CARD00479,MERC00373,ATM WITHDRAWAL,40.0,AED,A,1
TXN0005802,45422,CARD00100,MERC00191,PURCHASE,77.86,GBP,A,0
TXN0000504,45426,CARD00175,MERC00274,PURCHASE,$101.58,INR,A,0
TXN0015532,28-01-2024,CARD00512,MERC00229,PURCHASE,52.63,INR,A,0
TXN0008610,27-04-2024,CARD00010,MERC00060,PURCHASE,127.67,GBP,A,0
TXN0006688,15-01-2024,CARD00362,MERC00096,PURCHASE,11.91,EUR,A,0
TXN0007940,22-01-2024,CARD00664,MERC00364,PURCHASE,98.97,JPY,A,0
TXN0002843,24-05-2024,CARD00208,MERC00217,PURCHASE,32.0,BRL,A,0
TXN0008196,08-02-2024,CARD00385,MERC00129,  PURCHASE,38.01,INR,A,0
TXN0006340,30-01-2024,CARD00722,MERC00275,PURCHASE,31.37,AUD,A,1
TXN0002524,45395,CARD00056,MERC00387,ATM WITHDRAWAL,300.0,SGD,A,1
TXN0000187,23-02-2024,CARD00795,MERC00342,PURCHASE,1836.4,USD,A,1
TXN0002533,07-06-2024,CARD00699,MERC00180,BALANCE TRANSFER,640.41,USD,A,0
TXN0009368,13-01-2024,CARD00149,MERC00395,ATM WITHDRAWAL,20.0,INR,A,0
TXN0008261,23-04-2024,CARD00228,MERC00044,PURCHASE,897.81,EUR,A,1
TXN0012593,29-03-2024,CARD00722,MERC00287,PURCHASE,23.58,AUD,A,0
TXN0008936,15-02-2024,CARD00729,MERC00154,PURCHASE,78.3,GBP,A,0
TXN0010763,45440,CARD00695,MERC00091,BALANCE TRANSFER,462.79,JPY,A,0
TXN0003852,31-05-2024,CARD00148,MERC00186,PURCHASE,31.57,EUR,A,0
TXN0007691,19-03-2024,CARD00007,MERC00311,PURCHASE,49.11,AUD,A,0
TXN0014405,23-04-2024,CARD00064,MERC00161,CASH ADVANCE,447.48,INR,A,0
TXN0012457,11-05-2024,CARD00468,MERC00399,ATM WITHDRAWAL,150.0,AUD,A,0
TXN0011758,13-03-2024,CARD00509,MERC00101,PURCHASE,73.18,USD,A,1
TXN0009064,14-05-2024,CARD00198,MERC00184,PURCHASE,29.54,USD,A,0
TXN0015880,10-04-2024,CARD00689,MERC00178,PURCHASE,21.75,GBP,A,0
TXN0006885,06-04-2024,CARD00009,MERC00153,BALANCE TRANSFER,1109.26,USD,A,0
TXN0015677,27-03-2024,CARD00581,MERC00014,PURCHASE,164.78,USD,D,0
TXN0002844,15-06-2024,CARD00739,MERC00164,PURCHASE,$32.12,AUD,A,0
TXN0003096,22-06-2024,CARD00371,MERC00398,ATM WITHDRAWAL,100.0,USD,A,0
TXN0005589,20-05-2024,CARD00766,MERC00189,PURCHASE,19.28,GBP,A,0
TXN0000122,19-01-2024,CARD00523,MERC00242,PURCHASE,313.79,EUR,A,1
TXN0005046,18-05-2024,CARD00743,MERC00095,PURCHASE,60.02,BRL,A,0
TXN0013102,28-03-2024,CARD00088,MERC00209  ,PURCHASE,$67.05,USD,A,0
TXN0007789,03-02-2024,CARD00004,MERC00214,PURCHASE,111.9,AED,A,0
TXN0011252,09-05-2024,CARD00235,MERC00058,PURCHASE,$106.71,AUD,A,1
TXN0011178,11-03-2024,CARD00136,MERC00029  ,PURCHASE,132.3,USD,A,0
TXN0005114,05-03-2024,CARD00782,MERC00197,PURCHASE,304.19,INR,A,0
TXN0002903,09-01-2024,CARD00673,MERC00021,  PURCHASE,42.39,BRL,A,0
TXN0003161,17-05-2024,CARD00591,MERC00292,PURCHASE,28.75,GBP,D,0
TXN0014643,02-01-2024,CARD00248,MERC00174,PURCHASE,60.16,USD,A,0
TXN0008288,07-04-2024,CARD00685,MERC00095,PURCHASE,11.59,BRL,A,0
TXN0006497,29-02-2024,CARD00087,MERC00308,PURCHASE,872.01,USD,A,0
TXN0013164,02-02-2024,  CARD00595,MERC00211,CASH ADVANCE,340.55,INR,A,0
TXN0012531 ,01-04-2024,CARD00275,MERC00331,PURCHASE,333.01,USD,A,0
TXN0009305,14-02-2024,  CARD00717,MERC00276,PURCHASE,4.6,INR,A,0
TXN0011904,29-01-2024,CARD00338,MERC00352,BALANCE TRANSFER,687.94,INR,A,0
TXN0010678,04-01-2024,CARD00463,MERC00372,ATM WITHDRAWAL,60.0,EUR,A,0
TXN0015218,18-06-2024,CARD00430,MERC00271,PURCHASE,$168.71,BRL,A,0
TXN0003801,08-06-2024,CARD00268,MERC00181,PURCHASE,21.57,SGD,A,1
TXN0009613,31-05-2024,CARD00649,MERC00079,PURCHASE,6.87,USD,A,0
TXN0013180,26-06-2024,CARD00391,MERC00056,PURCHASE,200.49,MXN,A,0
TXN0003217,20-05-2024,CARD00706,MERC00376,ATM WITHDRAWAL,40.0,INR,A,0
TXN0000178,16-06-2024,CARD00210,MERC00096,PURCHASE  ,33.81,EUR,A,0
TXN0000039,04-06-2024,CARD00614,MERC00387,ATM WITHDRAWAL,300.0,SGD,A,1
TXN0012653,25-04-2024,CARD00407,  MERC00094,PURCHASE,22.44,USD,D,0
TXN0002432,29-01-2024,CARD00399,MERC00279,PURCHASE,$15.83,USD,A,0
TXN0002139,30-04-2024,  CARD00254,MERC00358,BALANCE TRANSFER,2002.91,MXN,A,0
TXN0014423,45404,CARD00657,MERC00257,BALANCE TRANSFER,285.2,INR,A,0
TXN0008915,19-06-2024,CARD00532,MERC00270,PURCHASE,246.26,USD,A,0
TXN0008375,19-06-2024,CARD00252,MERC00249,PURCHASE,48.8,EUR,A,0
TXN0009351,09-01-2024,CARD00276,MERC00325,PURCHASE,36.19,CAD,A,0
TXN0004643,20-05-2024,CARD00089,MERC00188,PURCHASE ,89.35,USD,A,0
TXN0005985,22-04-2024,CARD00225,MERC00021,PURCHASE,100.1,BRL,A,0
TXN0009121,03-03-2024,CARD00768,MERC00007,CASH ADVANCE,365.97,AUD,D,0
TXN0006054,02-06-2024,CARD00704,MERC00244,PURCHASE,$59.95,AUD,A,0
TXN0002374,10-01-2024,CARD00389,MERC00246,PURCHASE,30.95,USD,A,0
TXN0007253,45399,CARD00467,MERC00026,BALANCE TRANSFER,1415.19,BRL,A,1
TXN0007415,18-01-2024,CARD00690,MERC00230,PURCHASE,10.23,AUD,A,0
TXN0010005,27-04-2024,CARD00331,MERC00053,PURCHASE,317.0,EUR,A,1
TXN0012172,20-06-2024,CARD00635,MERC00326,PURCHASE,173.85,USD,A,0
TXN0013005,02-01-2024,CARD00500  ,MERC00370,PURCHASE,29.42,JPY,D,0
TXN0015704,22-01-2024,CARD00164,MERC00196,PURCHASE,288.73,USD,A,1
TXN0009988,04-01-2024,CARD00748,MERC00203,PURCHASE,111.69,USD,A,0
TXN0000270,13-05-2024,CARD00771,MERC00340,BALANCE TRANSFER,451.73,CAD,D,0
TXN0006148,05-04-2024,CARD00303,MERC00382,ATM WITHDRAWAL,60.0,JPY,A,0
TXN0002213,14-02-2024,CARD00261,MERC00101,PURCHASE,54.16,MXN,A,0
TXN0008397,45459,CARD00753,MERC00252,PURCHASE,274.74,USD,A,0
TXN0000194,05-05-2024,CARD00252,MERC00111,PURCHASE,7.23,EUR,A,0
TXN0013266,19-02-2024,CARD00261,MERC00033,PURCHASE,67.83,MXN,A,0
TXN0009428,14-06-2024,CARD00077,MERC00328,PURCHASE,248.54,CAD,A,0
TXN0006786,28-02-2024,CARD00467,MERC00078,PURCHASE,37.17,BRL,A,0
TXN0007253,45399,CARD00467,MERC00026,BALANCE TRANSFER,1415.19,BRL,A,1
TXN0009403,11-05-2024,CARD00412,MERC00128,CASH ADVANCE,319.22,GBP,A,0
TXN0006524,45414,CARD00158,MERC00079,PURCHASE,$22.76,USD,D,0
TXN0011882,30-04-2024,CARD00701,MERC00249,PURCHASE,112.87,EUR,A,0
TXN0012316,13-05-2024,CARD00472,MERC00024,PURCHASE,182.84,JPY,D,0
TXN0000556,11-01-2024,CARD00512,MERC00255,PURCHASE,45.8,INR,A,1
TXN0011668,12-02-2024,CARD00589,MERC00272,PURCHASE,35.99,GBP,A,0
TXN0007811,01-02-2024,CARD00371,MERC00201,PURCHASE,395.39,USD,A,0
TXN0015547,11-06-2024,CARD00127,MERC00384,ATM WITHDRAWAL,200.0,USD,A,0
TXN0007179,03-03-2024,CARD00344,MERC00103,BALANCE TRANSFER,687.9,INR,A,1
TXN0008905,23-04-2024,CARD00151,MERC00156,PURCHASE,$60.90,EUR,A,0
TXN0006031,01-03-2024,CARD00324,MERC00392,ATM WITHDRAWAL,200.0,USD,A,0
TXN0001188,30-01-2024,CARD00479,MERC00089,PURCHASE,1094.29,AED,A,0
TXN0013128,14-05-2024,CARD00536,MERC00352,PURCHASE,39.83,INR,A,0
TXN0012793,27-01-2024,CARD00600,MERC00153,PURCHASE,6.81,USD,A,0
TXN0008673,45455,CARD00269,MERC00030,PURCHASE,22.47,USD,A,0
TXN0009716,45458,CARD00593,MERC00061,PURCHASE,20.31,BRL,A,0
TXN0002645,45452,CARD00786,MERC00233,PURCHASE,6.44,MXN,A,0
TXN0000222,30-04-2024,CARD00311,MERC00125  ,PURCHASE,43.18,USD,A,0
TXN0014692,11-02-2024,CARD00303,MERC00370,PURCHASE,56.29,JPY,A,0
TXN0010638,23-01-2024,CARD00448,MERC00058,BALANCE TRANSFER,716.99,CAD,A,1
TXN0014791,23-04-2024,CARD00748,MERC00046,  PURCHASE,98.41,USD,A,1
TXN0001939,10-02-2024,CARD00500,MERC00091,PURCHASE,27.22,JPY,A,0
TXN0012589,11-05-2024,CARD00292,MERC00185,PURCHASE,68.16,GBP,A,0
TXN0000702,14-05-2024,CARD00688,MERC00129,PURCHASE  ,18.76,INR,A,0
TXN0014984,06-03-2024,CARD00759,MERC00065,PURCHASE,35.85,INR,A,0
TXN0012450,20-04-2024,CARD00612,MERC00014,PURCHASE,48.99,USD,A,0
TXN0009701,45429,CARD00179,MERC00379,ATM WITHDRAWAL,60.0,BRL,A,0
TXN0004223,22-05-2024,CARD00772,MERC00327,PURCHASE,10.16,EUR,D,0
TXN0015451,45442,CARD00307,MERC00149,PURCHASE,818.89,INR,A,0
TXN0002373,25-05-2024,CARD00219,MERC00343,PURCHASE,17.19,EUR,A,0
TXN0008363,20-01-2024,CARD00399,MERC00147,PURCHASE,$17.70,USD,A,0
TXN0014482,27-02-2024,CARD00047,MERC00268,PURCHASE,202.18,INR,A,0
TXN0015200,45362,  CARD00180,MERC00275,PURCHASE,72.42,USD,A,1
TXN0014014,19-06-2024,CARD00339,MERC00204,PURCHASE,66.45,AUD,A,0
TXN0015379,12-01-2024, CARD00525 ,MERC00122  ,PURCHASE,115.65,EUR,A,0
TXN0011976,24-05-2024,CARD00696,MERC00145,PURCHASE,34.35,INR,A,0
TXN0011450,18-04-2024,CARD00397,MERC00341,BALANCE TRANSFER,457.06,USD,A,0
TXN0015032,05-01-2024,CARD00330,MERC00172,PURCHASE,121.45,JPY,A,0
TXN0003024,05-03-2024,CARD00674,MERC00097,PURCHASE,8.83,EUR,A,0
TXN0005520,45330,CARD00328,MERC00174,PURCHASE,68.92,USD,A,0
TXN0008777,05-02-2024,CARD00383,MERC00398,ATM WITHDRAWAL,20.0,USD,A,0
TXN0007623,06-04-2024,CARD00585,MERC00268,PURCHASE,19.62,INR,D,0
TXN0009831,03-03-2024,CARD00612,MERC00059,PURCHASE,30.88,USD,A,0
TXN0015284,15-05-2024,CARD00304,MERC00182,CASH ADVANCE,294.35,BRL,A,0
TXN0008780,19-02-2024,CARD00346,MERC00078,BALANCE TRANSFER,623.12,BRL,A,0
TXN0001801,45452,CARD00497,MERC00219,CASH ADVANCE,91.55,USD,A,0
TXN0013796,45421,CARD00541,MERC00080,PURCHASE,57.44,SGD,A,0
TXN0012294,09-06-2024,CARD00004,MERC00214,PURCHASE,98.7,AED,A,0
TXN0000426,07-02-2024,CARD00109,MERC00007,PURCHASE,164.21,AUD,A,0
TXN0009568,03-05-2024,CARD00591,MERC00234, PURCHASE ,57.5,GBP,A,0
TXN0010220,45320,CARD00170,MERC00173,PURCHASE,44.06,USD,A,0
TXN0011149,25-01-2024,CARD00063,MERC00024,PURCHASE,101.21,INR,A,1
TXN0001937,45401,CARD00327,MERC00229,PURCHASE,34.66,INR,A,0
TXN0015461,04-02-2024,CARD00280,MERC00022,PURCHASE,56.2,GBP,A,0
TXN0009804,29-06-2024,CARD00772  ,MERC00105,PURCHASE,30.31,EUR,A,0
TXN0000107,03-03-2024,CARD00497,MERC00319,PURCHASE,$136.57,USD,A,0
TXN0005596,17-02-2024,CARD00620,MERC00006,PURCHASE,128.73,BRL,A,0
TXN0002279,45375,CARD00414,MERC00038,PURCHASE,22.52,USD,A,0
TXN0012229,12-03-2024,CARD00459,MERC00354,PURCHASE,25.89,USD,A,0
TXN0004121,45374,CARD00013,MERC00393,ATM WITHDRAWAL,$20.00,USD,A,0
TXN0015945,16-06-2024,CARD00509,MERC00317,PURCHASE,6.25,USD,A,0
TXN0010443,45400,CARD00086,MERC00309,PURCHASE,401.02,USD,A,0
TXN0007116,45397,CARD00458,MERC00353,PURCHASE,18.93,AUD,A,0
TXN0005964,24-02-2024,CARD00667,MERC00313,PURCHASE,117.37,BRL,A,0
TXN0013624,26-01-2024,CARD00180,MERC00319,PURCHASE,225.61,USD,A,0
TXN0003688  ,29-01-2024,CARD00562,MERC00061,PURCHASE,$81.31,USD,A,1
TXN0006411,19-04-2024,CARD00378,MERC00400,ATM WITHDRAWAL,100.0,AED,A,1
TXN0006410,29-01-2024,CARD00390,MERC00286,PURCHASE,36.46,GBP,A,0
TXN0010564,15-01-2024,CARD00526,MERC00275,PURCHASE,$101.70,MXN,A,0
TXN0011500,23-02-2024,CARD00617,MERC00307,PURCHASE,150.63,CAD,A,0
TXN0006025,09-05-2024,CARD00306,MERC00352,PURCHASE,243.98,INR,A,0
TXN0003905,05-03-2024,CARD00123,MERC00088,BALANCE TRANSFER,734.03,USD,A,0
TXN0004479,21-01-2024,CARD00332,MERC00390,ATM WITHDRAWAL,$100.00,MXN,D,0
TXN0005244,26-02-2024,CARD00143,MERC00274,PURCHASE ,122.16,INR,A,0
TXN0000025,12-03-2024,CARD00147,MERC00329,PURCHASE,71.14,INR,A,0
TXN0012445,04-03-2024,CARD00442,MERC00205,PURCHASE,49.64,INR,A,0
TXN0007155,26-05-2024,CARD00477,MERC00080,BALANCE TRANSFER,1318.47,SGD,A,0
TXN0015589,45301,CARD00064,MERC00276,PURCHASE,44.71,INR,A,0
TXN0002627,01-03-2024,CARD00752,MERC00056,PURCHASE,672.59,MXN,D,0
TXN0010390,17-05-2024,CARD00155,MERC00079,PURCHASE,433.52,USD,A,0
TXN0013112,45468,CARD00123,MERC00014,PURCHASE,17.0,USD,A,0
TXN0014622,10-05-2024,CARD00741,MERC00361,PURCHASE,72.22,INR,A,0
TXN0001726,29-06-2024,CARD00563,MERC00356,PURCHASE,51.78,AUD,A,0
TXN0006638,19-02-2024,CARD00332,MERC00050,PURCHASE,$93.55,MXN,A,0
TXN0013680,17-05-2024,CARD00094,MERC00269,PURCHASE,46.14,EUR,A,0
TXN0006190,45297,CARD00558,MERC00021,PURCHASE,57.37,BRL,A,0
TXN0003323,29-03-2024,CARD00112,MERC00214,PURCHASE,30.58,AED,A,0
  TXN0014677,01-05-2024,CARD00572,MERC00392,ATM WITHDRAWAL,300.0,JPY,D,1
TXN0011759,45298,CARD00071,MERC00033,PURCHASE,$417.57,MXN,A,0
TXN0004615,45338,CARD00234,MERC00018,PURCHASE,118.98,USD,A,0
 TXN0007032 ,31-01-2024,CARD00553,MERC00105,PURCHASE,42.74,EUR,A,0
TXN0015927,03-03-2024,CARD00162,MERC00036,PURCHASE,90.82,INR,D,0
TXN0000715,24-01-2024,CARD00590,MERC00366,PURCHASE,76.77,EUR,A,0
TXN0001945,11-04-2024,CARD00668,MERC00035,PURCHASE,52.52,BRL,A,0
TXN0011468,10-03-2024,CARD00392,MERC00285,PURCHASE,20.36,GBP,A,0
TXN0000610,45313,CARD00264,MERC00176,PURCHASE,18.02,CAD,A,0
TXN0002379,04-05-2024,CARD00578,MERC00237,PURCHASE,69.24,SGD,A,0
TXN0012052,22-02-2024,CARD00241,MERC00169,PURCHASE,60.29,INR,A,0
TXN0006674,21-05-2024,CARD00626,MERC00138,PURCHASE,30.27,SGD,A,0
TXN0001499,19-04-2024,CARD00086,MERC00209,PURCHASE,336.75,USD,A,0
TXN0010238,17-02-2024,CARD00536,MERC00276,PURCHASE,754.06,INR,A,0
TXN0002009,07-04-2024,CARD00736,MERC00202,PURCHASE,58.53,USD,A,0
TXN0014705,26-03-2024,CARD00590,MERC00301,PURCHASE,48.94,EUR,A,1
TXN0010172,01-04-2024,CARD00311,MERC00320,PURCHASE,364.31,USD,A,0
TXN0013105,20-03-2024,CARD00780,MERC00171,PURCHASE,54.3,USD,D,0
TXN0011830,18-02-2024,CARD00588,MERC00317,CASH ADVANCE,565.62,USD,A,0
TXN0005295,05-05-2024,CARD00595,MERC00220,BALANCE TRANSFER,670.32,INR,A,0
TXN0014061,31-03-2024,CARD00315,MERC00074,PURCHASE,$151.55,AUD,A,0
TXN0012904,45380,CARD00405,MERC8872,PURCHASE,24.71,INR,A,0
TXN0013668,45356,CARD00576,MERC00210,PURCHASE,33.48,JPY,A,1
TXN0005347,10-03-2024,CARD00125,MERC00252,PURCHASE,29.31,USD,A,0
TXN0013705,26-03-2024,CARD00445,MERC00111,PURCHASE,334.36,EUR,A,0
TXN0013344,20-02-2024,CARD00710,MERC00309,PURCHASE,43.83,CAD,A,1
TXN0004304,45432,CARD00462,MERC00255,PURCHASE,19.85,CAD,A,0
TXN0001251,05-01-2024,CARD00707,MERC00388,ATM WITHDRAWAL,$40.00,USD,A,1
TXN0007488,23-06-2024,CARD00287,MERC00075,PURCHASE,21.4,USD,A,0
TXN0011290,31-05-2024,CARD00298,MERC00113,PURCHASE,$269.06,AUD,A,0
TXN0004075,14-02-2024,CARD00326,MERC00142,PURCHASE,55.34,INR,A,0
TXN0014585,45398,CARD00087,MERC00201,PURCHASE,56.76,USD,A,0
TXN0003668,25-06-2024,CARD00572,MERC00024,PURCHASE,28.02,JPY,A,0
TXN0001663,16-03-2024,CARD00148,MERC00345,PURCHASE,23.82,EUR,A,0
TXN0006069,15-03-2024,CARD00332,MERC00002,PURCHASE,258.3,MXN,A,1
TXN0005052,45370,CARD00564,MERC00232,PURCHASE,36.29,USD,A,0
TXN0010251,18-04-2024,CARD00250,MERC00086,PURCHASE,311.69,MXN,A,0
TXN0000966,06-03-2024,CARD00292,MERC00021,BALANCE TRANSFER,849.94,GBP,A,1
TXN0008680,13-01-2024,CARD00434,MERC00390,ATM WITHDRAWAL,20.0,INR,A,1
TXN0005339,27-06-2024,CARD00093,MERC00227,PURCHASE,26.97,MXN,A,0
TXN0001393,02-02-2024,CARD00508,MERC00114,PURCHASE,43.08,GBP,A,1
TXN0000422,02-05-2024,CARD00357,MERC00360,BALANCE TRANSFER,657.6,CAD,A,0
TXN0002248,18-02-2024,CARD00059,MERC00392,ATM WITHDRAWAL,500.0,USD,A,0
TXN0006642,16-06-2024,  CARD00452,MERC00244,PURCHASE,284.52,AUD,A,0
TXN0005333,03-02-2024,CARD00637,MERC00333,PURCHASE,$117.20,EUR,A,0
TXN0013851,45292,CARD00479,MERC00245,PURCHASE,181.4,AED,A,0
TXN0013917,02-06-2024,CARD00181,MERC00355,PURCHASE,29.3,SGD,A,0
TXN0008144,45404,CARD00765,MERC00233,PURCHASE,224.14,MXN,A,0
TXN0001646,30-06-2024,CARD00409,MERC00381,ATM WITHDRAWAL,$100.00,JPY,A,0
TXN0007867,02-02-2024,CARD00195,MERC00390,ATM WITHDRAWAL,60.0,MXN,A,0
TXN0004389,45312,CARD00073,MERC00006,PURCHASE,$549.21,BRL,A,0
TXN0003763,13-03-2024,CARD00150,MERC00237,PURCHASE,230.31,INR,A,1
TXN0014302,28-02-2024,CARD00167,MERC00275,BALANCE TRANSFER,1235.26,MXN,A,0
TXN0005663,19-01-2024,CARD00345,MERC00347,PURCHASE  ,5.7,EUR,A,0
TXN0001640,25-06-2024,CARD00104,MERC00178,PURCHASE,80.01,GBP,A,0
TXN0007522,19-03-2024,CARD00286,MERC00347,PURCHASE,26.03,EUR,A,0
TXN0007834,27-04-2024,CARD00402,MERC00330,PURCHASE,9.81,INR,A,0
TXN0007356,22-05-2024,CARD00689,MERC00052,PURCHASE,32.09,GBP,A,0
TXN0014485,05-02-2024,CARD00135,MERC00090,PURCHASE,44.19,INR,A,0
TXN0011714,06-03-2024,CARD00280,MERC00207,BALANCE TRANSFER,1307.06,GBP,A,0
TXN0012051,29-06-2024,CARD00278,MERC00390,ATM WITHDRAWAL,100.0,USD,A,1
TXN0003005,04-03-2024,CARD00453,MERC00172,PURCHASE,15.82,SGD,A,1
TXN0007824,29-04-2024,CARD00757,MERC00284,PURCHASE,305.18,USD,A,0
TXN0009554,07-03-2024,CARD00031,MERC00338,PURCHASE,45.8,USD,A,0
TXN0006889,25-03-2024,CARD00512,MERC00132,PURCHASE,18.06,INR,A,0
TXN0002787,27-05-2024,CARD00431,MERC00370,PURCHASE,53.37,JPY,A,0
TXN0002807,22-01-2024,CARD00058,MERC00063,PURCHASE,14.58,BRL,A,0
TXN0013576,07-04-2024,CARD00292,MERC00128,PURCHASE,37.67,GBP,A,0
TXN0002744,28-06-2024,CARD00547,MERC00033,PURCHASE,357.55,MXN,A,0
TXN0012306,26-06-2024,CARD00189,MERC00129,PURCHASE,22.04,INR,A,0
TXN0001323,45312,CARD00776,MERC00087,PURCHASE,102.4,USD,A,0
 TXN0013020 ,26-02-2024,CARD00485,MERC00391,ATM WITHDRAWAL,40.0,USD,A,0
TXN0008908,10-04-2024,CARD00341,MERC00356,PURCHASE,54.42,AUD,A,0
TXN0010084,09-04-2024,CARD00436,MERC00215,BALANCE TRANSFER,$271.91,EUR,A,0
TXN0011800,13-05-2024,CARD00289,MERC00366,PURCHASE,396.28,EUR,A,0
TXN0010314,45473,CARD00780,MERC00013,PURCHASE,180.51,USD,A,0
TXN0007650,25-02-2024,CARD00794,MERC00210,PURCHASE,63.24,CAD,A,0
TXN0005423,11-06-2024,CARD00109,MERC00387,ATM WITHDRAWAL,100.0,AUD,A,0
TXN0011320,04-04-2024,CARD00352,MERC00334,PURCHASE,46.82,AUD,A,0
TXN0001511,22-03-2024,CARD00084,  MERC00380,ATM WITHDRAWAL,300.0,AED,A,1
TXN0015350,01-01-2024,CARD00308,MERC00184,PURCHASE,118.14,USD,A,0
TXN0002796,18-01-2024,CARD00397,MERC00123,PURCHASE,133.59,USD,A,0
TXN0002402,08-05-2024,CARD00104,MERC00060,PURCHASE,44.89,GBP,A,0
TXN0001700,20-06-2024,CARD00751,MERC00244,CASH ADVANCE,450.43,AUD,A,0
TXN0010968,30-01-2024,CARD00047,MERC00115,PURCHASE,128.74,INR,A,0
TXN0012444,11-02-2024,CARD00089,MERC00200,PURCHASE,43.46,USD,A,0
TXN0011544,08-06-2024,CARD00426,MERC00268,PURCHASE,$40.11,INR,A,0
TXN0014307,45338,CARD00464,MERC00271,PURCHASE,378.89,BRL,A,0
TXN0012972,29-01-2024,CARD00180,MERC00025,PURCHASE,91.26,USD,A,0
TXN0012295,45296,CARD00087,MERC00320,PURCHASE,52.38,USD,A,0
TXN0010684,25-01-2024,CARD00362,MERC00121,PURCHASE,79.37,EUR,A,0
TXN0012536,20-05-2024,CARD00024,MERC00074,PURCHASE,802.13,AUD,A,0
TXN0007263,26-04-2024,CARD00636,MERC00400,ATM WITHDRAWAL,60.0,BRL,A,0
TXN0013806,27-05-2024,CARD00334,MERC00318,PURCHASE,$49.47,AED,A,0
TXN0002242,45328,CARD00064,MERC00083,PURCHASE,$28.61,INR,A,0
TXN0000086,45385,CARD00646,MERC00217,PURCHASE,53.65,AED,A,1
TXN0009186,15-01-2024,CARD00176,MERC00312,PURCHASE,38.5,EUR,A,0
TXN0008729,08-05-2024,CARD00652,MERC00199,PURCHASE,1344.28,AUD,A,1
TXN0013630,03-05-2024,CARD00645,MERC00353,PURCHASE,$589.60,INR,A,1
TXN0007048,45297,CARD00521,MERC00347,PURCHASE,48.24,EUR,A,0
TXN0012583,02-03-2024,CARD00667,MERC00141,PURCHASE,30.86,BRL,A,0
TXN0006268,45337,CARD00419,MERC00296,PURCHASE,50.1,BRL,A,0
TXN0008286,09-02-2024,CARD00678,MERC00297,PURCHASE,69.05,CAD,A,0
TXN0012104,06-06-2024,CARD00240,MERC00303,PURCHASE,24.1,USD,A,0
TXN0006217,09-04-2024,CARD00067,MERC00249,PURCHASE,$32.35,EUR,A,0
TXN0013334,15-01-2024,CARD00145,MERC00120,PURCHASE,30.2,JPY,A,0
TXN0002501,45408,CARD00588,MERC00320,PURCHASE,69.33,USD,A,0
TXN0001120,25-02-2024,CARD00153 ,MERC00015,PURCHASE,41.71,USD,A,0
TXN0009369,16-04-2024,CARD00486,MERC00186,PURCHASE,21.39,EUR,A,0
TXN0007284,01-06-2024,CARD00057,MERC00112,PURCHASE,20.34,INR,D,0
TXN0010490,04-02-2024,CARD00264,MERC00340,PURCHASE,36.61,CAD,A,0
TXN0001428,19-04-2024,CARD00434,MERC00090,PURCHASE,"$1,405.38",INR,A,0
TXN0011350,45465,CARD00302,MERC00347,PURCHASE,5.62,EUR,A,0
TXN0007003,24-04-2024,CARD00444,MERC00133,PURCHASE,62.07,USD,A,0
TXN0004090,11-02-2024,CARD00544,MERC00392,ATM WITHDRAWAL,60.0,USD,A,0
TXN0012490,01-03-2024,CARD00682,MERC00338,PURCHASE,73.39,BRL,A,1
TXN0002201,15-03-2024,CARD00168,MERC00002,PURCHASE,58.03,INR,A,0
TXN0009720,20-02-2024,CARD00302,MERC00185,PURCHASE,34.81,EUR,A,1
TXN0011696,26-06-2024,CARD00342,MERC00268,PURCHASE,31.04,INR,A,0
TXN0015700,16-04-2024,CARD00400,MERC00220,PURCHASE,98.61,INR,A,0
TXN0003141,09-01-2024,CARD00274,MERC00031, PURCHASE ,$7.60,CAD,A,0
TXN0008217,45340,CARD00482,MERC00101,BALANCE TRANSFER,975.37,MXN,A,0
TXN0004810,07-03-2024,CARD00127,MERC00270,PURCHASE,42.09,USD,A,0
TXN0006182,45324,CARD00049,MERC00146,PURCHASE,54.13,EUR,A,0
 TXN0006134 ,05-05-2024,CARD00736,MERC00232,CASH ADVANCE,$458.97,USD,A,0
TXN0011457,05-02-2024,CARD00682,MERC00040,PURCHASE,53.01,BRL,A,0
TXN0009400,17-03-2024,CARD00404,MERC00234,PURCHASE,$11.95,GBP,A,0
 TXN0011953 ,17-05-2024,CARD00556,MERC00115,PURCHASE,10.91,INR,A,0
TXN0000557,30-03-2024,CARD00491,MERC00021,PURCHASE,308.49,BRL,A,0
TXN0011245,30-06-2024,CARD00634,MERC00219,PURCHASE,$654.72,USD,A,0
TXN0004903,45309,CARD00291,MERC00007,PURCHASE,9.81,JPY,A,1
TXN0004688,19-02-2024,CARD00089,MERC00162,PURCHASE,28.8,USD,A,0
TXN0004381,26-03-2024,CARD00210,MERC00309,BALANCE TRANSFER,299.41,EUR,A,1
TXN0008076,27-01-2024,CARD00376,MERC00291,PURCHASE,161.13,EUR,A,0
TXN0007181,10-06-2024,CARD00216,MERC00305  ,PURCHASE,25.62,AED,D,0
TXN0000554,08-06-2024,CARD00574,MERC00312,PURCHASE,176.19,EUR,A,0
TXN0001422,30-05-2024,CARD00519,MERC00208,PURCHASE,26.21,INR,A,1
TXN0011532,09-06-2024,CARD00005,MERC00345,PURCHASE,33.08,EUR,A,0
TXN0005012,45357,CARD00739,MERC00187,PURCHASE,10.05,AUD,A,0
TXN0003153,45413,CARD00526,MERC00101,PURCHASE,62.6,MXN,A,0
TXN0003489,27-06-2024,CARD00155,MERC00013,PURCHASE,685.79,USD,A,0
TXN0010113,27-01-2024,CARD00153,MERC00153,PURCHASE,48.54,USD,A,0
TXN0011518,45410,CARD00271,MERC00070,PURCHASE,19.71,AUD,A,0
TXN0005086,04-06-2024,CARD00528,MERC00233,PURCHASE,7.44,MXN,A,0
TXN0009655,06-06-2024,CARD00539,MERC00151,BALANCE TRANSFER,766.89,INR,D,0
TXN0009259,08-02-2024,CARD00210,MERC00249,BALANCE TRANSFER,373.42,EUR,A,0
TXN0003097,45402,CARD00181,MERC00399,ATM WITHDRAWAL,$500.00,SGD,A,1
TXN0002348,23-02-2024,CARD00168,MERC00212,PURCHASE,$33.97,INR,A,0
TXN0013767,01-03-2024,CARD00701,MERC00396,ATM WITHDRAWAL,500.0,EUR,A,0
TXN0002369,28-04-2024,CARD00028,MERC00327,PURCHASE,30.27,EUR,A,0
TXN0003992,21-01-2024,CARD00006  ,MERC00153,PURCHASE,45.38,USD,A,0
TXN0002581,45420,CARD00023,MERC00395,ATM WITHDRAWAL,200.0,INR,A,0
TXN0001546,04-06-2024,CARD00458,MERC00113,PURCHASE,48.06,AUD,A,0
TXN0015581,45381,  CARD00748,MERC00098,PURCHASE,52.67,USD,A,0
TXN0001787,08-01-2024,CARD00424,MERC00120,PURCHASE,61.84,JPY,A,0
TXN0002915,19-03-2024,CARD00127,MERC00239,PURCHASE,12.41,USD,A,0
TXN0000458,13-06-2024,CARD00492,MERC00040,PURCHASE,"$1,107.22",BRL,A,0
TXN0012368,11-05-2024,CARD00740,MERC00393,ATM WITHDRAWAL,150.0,USD,A,0
TXN0005788,21-04-2024, CARD00650 , MERC00218 ,PURCHASE,318.72,USD,A,0
TXN0002586,45426,CARD00386,MERC00300,PURCHASE,33.79,JPY,A,0
TXN0005170,22-04-2024,CARD00437, MERC00105 ,PURCHASE,18.8,EUR,D,0
TXN0008341,27-06-2024,CARD00111,MERC00290,PURCHASE,157.82,INR,A,0
TXN0004861,45414,CARD00789,MERC00211,PURCHASE,18.53,INR,A,0
TXN0013368,02-03-2024,CARD00090,MERC00067,PURCHASE,20.68,GBP,A,0
TXN0008982,21-03-2024,CARD00148,MERC00097,BALANCE TRANSFER,"$1,732.66",EUR,A,0
TXN0007618,45426,CARD00768,MERC00240,PURCHASE,64.7,AUD,A,0
TXN0009455,04-02-2024,CARD00439,MERC00324,PURCHASE,$261.21,EUR,D,0
TXN0007027,23-03-2024,CARD00780,MERC00239,PURCHASE,37.15,USD,A,0
TXN0012673,09-02-2024,CARD00522,MERC00223,PURCHASE,18.72,EUR,A,0
TXN0014715,19-04-2024,CARD00386,MERC00295,CASH ADVANCE,302.19,JPY,A,0
TXN0000919,26-03-2024,CARD00442,MERC00330,PURCHASE,46.81,INR,A,0
TXN0009200,14-03-2024,CARD00645,MERC00268,PURCHASE,689.0,INR,A,0
TXN0015155,09-05-2024,CARD00739,MERC00243,PURCHASE,65.04,AUD,A,1
TXN0010078,23-03-2024,CARD00182,MERC00296,PURCHASE,218.87,BRL,A,0
TXN0015456,45343,CARD00568,MERC00184,PURCHASE,33.55,USD,A,0
TXN0015269,28-03-2024,CARD00583,MERC00091,PURCHASE,9.16,JPY,A,0
TXN0007273,10-05-2024,CARD00490,MERC00023,PURCHASE,48.6,AED,A,0
TXN0007140,18-03-2024,CARD00615,MERC00207,PURCHASE,87.71,GBP,A,0
TXN0007198,07-04-2024,CARD00231,MERC00379,ATM WITHDRAWAL,40.0,BRL,A,0
TXN0012322,24-01-2024,CARD00460,MERC00018,PURCHASE ,83.86,USD,A,0
TXN0000120,11-05-2024,CARD00296,MERC00289,PURCHASE,29.5,BRL,A,0
TXN0009450,25-04-2024,CARD00392,MERC00228,PURCHASE,72.62,GBP,A,0
TXN0009092,07-05-2024,CARD00717,MERC00376,ATM WITHDRAWAL,20.0,INR,A,0
TXN0004394,17-01-2024,CARD00080,MERC00188,PURCHASE,$72.25,USD,A,0
TXN0005996,06-04-2024,CARD00026,MERC00038,BALANCE TRANSFER,1034.82,USD,A,0
TXN0008066,03-04-2024,CARD00487,MERC00083,PURCHASE,59.93,INR,A,0
TXN0011283,09-02-2024,CARD00233,MERC00388,ATM WITHDRAWAL,40.0,INR,A,0
TXN0005671,28-06-2024,CARD00245,MERC00381,ATM WITHDRAWAL,150.0,USD,A,1
TXN0001732,21-05-2024,CARD00151,MERC00339,PURCHASE,11.68,EUR,A,0
TXN0005299,11-03-2024,CARD00465,MERC00041,PURCHASE,70.43,SGD,A,0
TXN0011389,45358,CARD00208,MERC00400,ATM WITHDRAWAL,100.0,BRL,A,0
TXN0003716,45346,CARD00029,MERC00028,PURCHASE,25.47,USD,A,1
TXN0003555,25-06-2024,CARD00053,MERC00398,ATM WITHDRAWAL,150.0,USD,A,0
TXN0015505,13-05-2024,CARD00465,MERC00208,PURCHASE,$111.51,SGD,A,0
TXN0012763,19-03-2024,CARD00548,MERC00246,PURCHASE,15.0,USD,A,0
TXN0013693,21-02-2024,CARD00260,MERC00384,ATM WITHDRAWAL,100.0,USD,A,0
TXN0000722,01-05-2024,CARD00461,MERC00122,PURCHASE,30.95,EUR,A,0
TXN0015331,06-02-2024,CARD00093,MERC00243,PURCHASE,68.0,MXN,A,0
TXN0007518,25-03-2024,CARD00361,MERC00156,PURCHASE,72.38,EUR,A,1
TXN0015824,16-04-2024,CARD00047,MERC00376,ATM WITHDRAWAL,200.0,INR,A,0
TXN0008029,16-05-2024,CARD00683,MERC00198,PURCHASE,111.24,EUR,A,0
TXN0005819,04-01-2024,CARD00478,MERC00167  ,PURCHASE,12.21,JPY,A,0
TXN0006105,09-03-2024,CARD00639,MERC00385,ATM WITHDRAWAL,20.0,GBP,A,0
TXN0008556,13-06-2024,CARD00069,MERC00089,PURCHASE,24.14,AED,A,0
TXN0000733,10-04-2024,CARD00559,MERC8840,CASH ADVANCE,451.67,INR,A,0
TXN0014258,45421,CARD00778,MERC00145,PURCHASE,$10.10,INR,A,0
TXN0008257,26-06-2024,CARD00740,MERC00309,PURCHASE,57.24,USD,A,0
TXN0011331,26-06-2024,CARD00453,MERC00138,CASH ADVANCE,563.89,SGD,A,0
TXN0000885,01-03-2024,CARD00760,MERC00054,PURCHASE,53.8,INR,A,0
TXN0002352,09-04-2024,CARD00228,MERC00122,PURCHASE,$80.89,EUR,A,0
TXN0007567,03-05-2024,CARD00678,MERC00163,PURCHASE,435.7,CAD,A,0
TXN0011783,45422,CARD00113,MERC00285,PURCHASE,63.71,GBP,A,0
TXN0005153,05-04-2024,CARD00716,MERC00101,PURCHASE,11.73,MXN,A,0
TXN0005154,07-05-2024,CARD00712,MERC00171,PURCHASE,63.66,USD,A,0
TXN0011354,19-06-2024,CARD00568,MERC00148,PURCHASE,21.43,USD,A,0
TXN0014077,26-02-2024,CARD00065,MERC00028,PURCHASE,309.12,EUR,A,1
TXN0008009,13-03-2024,CARD00085,MERC00257,PURCHASE,124.74,INR,A,0
TXN0012165,30-05-2024,CARD00086,MERC00193,PURCHASE,579.89,USD,A,1
TXN0006582,10-02-2024,CARD00319,MERC00395,ATM WITHDRAWAL,$150.00,AUD,A,1
TXN0001818,23-06-2024,CARD00055,MERC00143,PURCHASE,23.14,USD,A,0
TXN0005978,45319,CARD00461,MERC00378,ATM WITHDRAWAL,200.0,EUR,A,0
TXN0007077,01-06-2024,CARD00452,MERC00083,PURCHASE,253.75,AUD,A,1
TXN0006740,04-03-2024,CARD00528,MERC00267,PURCHASE,$23.64,MXN,A,0
TXN0002538,05-01-2024,CARD00402,MERC00211,PURCHASE,64.0,INR,A,0
TXN0001134,01-03-2024,CARD00795,MERC00188,PURCHASE,544.01,USD,A,0
TXN0013894,28-06-2024,CARD00003,MERC00285,BALANCE TRANSFER,859.57,GBP,A,0
TXN0001654,45410,CARD00162,MERC00229,CASH ADVANCE,206.07,INR,A,0
TXN0012465,22-02-2024,CARD00655,MERC00148,PURCHASE,127.41,EUR,A,1
TXN0003973,24-04-2024,CARD00758,MERC00349,PURCHASE,23.77,USD,A,0
TXN0013560,16-05-2024,CARD00298,MERC00311,PURCHASE,88.42,AUD,D,0
TXN0012861,28-03-2024,CARD00655,MERC00069,PURCHASE,122.42,EUR,A,0
TXN0012418,31-01-2024,CARD00324,MERC00322,PURCHASE,17.81,USD,A,0
TXN0001935,18-05-2024,CARD00469,MERC00345,PURCHASE,8.93,EUR,A,0
TXN0011216,20-03-2024,CARD00164,MERC00014,PURCHASE,27.53,USD,A,0
TXN0010456,29-05-2024,CARD00007,MERC00007,  PURCHASE,73.36,AUD,A,0
TXN0011368,04-02-2024,CARD00119,MERC00352,PURCHASE,$29.76,USD,A,1
TXN0013529,09-02-2024, CARD00452 ,MERC00244,PURCHASE,28.08,AUD,A,0
TXN0002462,45394,CARD00185,MERC00049,PURCHASE,51.71,EUR,A,0
TXN0011865,10-02-2024,CARD00289,MERC00215,PURCHASE,43.17,EUR,A,0
TXN0015643,45305,CARD00292,MERC00067,PURCHASE,140.93,GBP,A,0
TXN0014691,45389,CARD00028,MERC00049,PURCHASE,37.18,EUR,A,0
TXN0013199,05-03-2024,CARD00723,MERC00364,PURCHASE,97.94,JPY,A,0
TXN0007836,01-03-2024,CARD00033,MERC00148  ,PURCHASE,52.53,USD,A,0
TXN0006555,22-03-2024,CARD00079,MERC00158,PURCHASE,34.89,EUR,A,0
TXN0011647,45309,CARD00223,MERC00141,PURCHASE,117.98,BRL,A,0
TXN0001039,05-01-2024,CARD00420,MERC00352,PURCHASE,61.53,INR,A,0
TXN0006857,20-01-2024,CARD00762,MERC00197,PURCHASE,97.63,INR,A,0
TXN0010544,04-06-2024,CARD00241,MERC00228,BALANCE TRANSFER,778.01,INR,A,1
TXN0015586,03-01-2024,CARD00782,MERC00302,PURCHASE,1008.48,INR,A,0
TXN0011004,22-05-2024,CARD00185,MERC00215,PURCHASE,73.59,EUR,A,0
TXN0004498,24-06-2024,CARD00566,MERC00077,PURCHASE,358.49,JPY,A,0
TXN0000624,30-06-2024,CARD00330,MERC00077,PURCHASE,91.07,JPY,A,0
TXN0001242,23-02-2024,CARD00317,MERC00363,PURCHASE,205.54,AED,A,0
TXN0009844,24-05-2024,CARD00652,MERC00131,PURCHASE,$256.79,AUD,A,1
TXN0010389,30-04-2024,CARD00517,MERC00357,PURCHASE,39.3,GBP,A,0
TXN0010576,05-03-2024,CARD00778,MERC00376,ATM WITHDRAWAL,200.0,INR,A,0
TXN0002104,19-05-2024,CARD00769,MERC00316,PURCHASE,44.83,EUR,A,1
TXN0015232,12-01-2024,CARD00252,MERC00312,PURCHASE,57.25,EUR,A,0
TXN0013017,12-03-2024,CARD00228,MERC00062,PURCHASE,160.73,EUR,A,0
TXN0009426,16-04-2024,CARD00571,MERC00265,PURCHASE,60.37,USD,A,0
TXN0011359,01-06-2024,CARD00262,MERC00062,PURCHASE,82.81,EUR,A,0
TXN0010020,04-02-2024,CARD00581,MERC00319,PURCHASE,$36.79,USD,A,0
TXN0015027,02-01-2024,CARD00452,MERC00179,PURCHASE,100.52,AUD,A,0
TXN0013845,45361,CARD00771,MERC00243,PURCHASE,50.31,CAD,A,1
TXN0007984,03-05-2024,CARD00800,MERC00236,PURCHASE,25.36,INR,A,0
TXN0005748,45388,CARD00799,MERC00262,PURCHASE,12.23,AED,A,0
TXN0010893,04-04-2024,CARD00299,MERC00181,PURCHASE,$23.84,CAD,A,0
TXN0013275,45315,CARD00588,MERC00209,PURCHASE,61.16,USD,A,0
TXN0004685,45345,CARD00496,MERC00382,ATM WITHDRAWAL,100.0,CAD,A,1
TXN0008038,07-04-2024,CARD00483,MERC00190,BALANCE TRANSFER,1465.07,SGD,A,0
TXN0000356,19-03-2024,CARD00532,MERC00173,PURCHASE,76.71,USD,A,0
TXN0003843,21-01-2024,CARD00149,MERC00169,PURCHASE,220.92,INR,A,0
TXN0000452,24-04-2024,CARD00297,MERC00369,PURCHASE,47.8,INR,A,0
TXN0000643,02-04-2024,CARD00219  ,MERC00196,PURCHASE,112.96,EUR,A,0
TXN0005791,12-03-2024,CARD00329,MERC00019,PURCHASE,48.15,MXN,A,0
TXN0011100,15-03-2024,CARD00621,MERC00240,BALANCE TRANSFER,266.93,AUD,A,0
TXN0001995,08-06-2024,CARD00400,MERC00388,ATM WITHDRAWAL,100.0,INR,A,0
TXN0012936,25-05-2024,CARD00675,MERC00221,PURCHASE,115.6,AED,A,0
TXN0015201,10-06-2024,CARD00409,MERC00306,PURCHASE,22.32,JPY,A,0
TXN0006255,06-04-2024,CARD00741,MERC00100,PURCHASE,19.48,INR,A,0
TXN0008236,03-03-2024,CARD00620,MERC00141,PURCHASE,4.43,BRL,D,0
TXN0012487,17-03-2024,CARD00248,MERC00322,PURCHASE,16.19,USD,A,0
TXN0001601,05-03-2024,CARD00065,MERC00082,PURCHASE,66.4,EUR,D,1
TXN0000491,45399,CARD00679,MERC00209,PURCHASE,147.72,USD,A,0
TXN0002982,03-02-2024,CARD00675,MERC00214,  PURCHASE,1881.09,AED,A,0
TXN0008152,25-01-2024,CARD00725,MERC00204,PURCHASE,128.49,AUD,A,0
TXN0015790,12-05-2024,CARD00123,MERC00051,CASH ADVANCE,$252.53,USD,A,0
TXN0011432,07-06-2024,CARD00353,MERC00017,PURCHASE,191.84,EUR,A,0
TXN0000594,15-05-2024,CARD00650,MERC00247,PURCHASE,27.42,USD,A,0
TXN0009047,10-04-2024,CARD00130,MERC00074,PURCHASE,45.45,AUD,A,0
TXN0003276,23-06-2024,CARD00125,MERC00190,PURCHASE,10.22,USD,A,1
TXN0010264,24-03-2024,CARD00207,MERC00292,PURCHASE,25.42,GBP,A,0
TXN0013928,03-06-2024,CARD00227,MERC00230,PURCHASE,18.92,AUD,A,0
TXN0013260,25-06-2024,CARD00012,MERC00204,PURCHASE,35.21,AUD,A,0
TXN0013505,11-05-2024,CARD00428,MERC00036,PURCHASE,91.46,INR,A,0
TXN0005343,45384,CARD00728,MERC00267,PURCHASE,14.99,MXN,A,0
TXN0011590,16-04-2024,  CARD00710,MERC00140,  PURCHASE,40.77,CAD,A,0
TXN0004776,45392,CARD00265,MERC00168,PURCHASE,365.75,AUD,A,1
TXN0001085,15-01-2024,CARD00564,MERC00143,PURCHASE,67.13,USD,A,0
TXN0004770,21-01-2024,CARD00412,MERC00082,PURCHASE,98.55,GBP,A,0
TXN0010768,22-05-2024,CARD00118,MERC00363,PURCHASE,$44.72,AED,A,0
TXN0010649,12-01-2024,CARD00022,MERC00188,PURCHASE,134.73,USD,A,0
TXN0015401,31-01-2024,CARD00297,MERC00261,PURCHASE,36.22,INR,A,0
TXN0011681,21-04-2024,CARD00798,MERC00013,PURCHASE,7.33,USD,A,0
TXN0002702,14-06-2024,CARD00024,MERC00070,PURCHASE,1558.07,AUD,A,0
TXN0012212,27-03-2024,CARD00580,MERC00098,PURCHASE,24.08,USD,A,0
TXN0003091,03-06-2024,CARD00519,MERC00237,PURCHASE,112.97,INR,A,1
TXN0000318,31-01-2024,CARD00399,MERC00059,PURCHASE,127.8,USD,A,0
TXN0011909,08-06-2024,CARD00069,MERC00245,PURCHASE,19.14,AED,A,0
TXN0011543,16-01-2024,CARD00397,MERC00328,PURCHASE,2098.87,USD,A,1
TXN0006753,27-05-2024,CARD00753,MERC00133,PURCHASE,29.71,USD,A,0
TXN0008737,21-06-2024,CARD00257,MERC00177,PURCHASE,62.6,SGD,A,0
TXN0000496,29-03-2024,CARD00054,MERC00056,PURCHASE,3.51,AUD,A,1
TXN0005050,14-02-2024,CARD00143,MERC00090,PURCHASE,33.49,INR,A,0
TXN0013381,01-04-2024,CARD00012,MERC00287,PURCHASE,35.89,AUD,A,0
TXN0008156,45421,CARD00714,MERC00393,ATM WITHDRAWAL,60.0,USD,A,0
TXN0001100,30-04-2024,CARD00561,MERC00132,PURCHASE,87.08,INR,A,0
TXN0002629,22-06-2024,CARD00603,MERC00324,PURCHASE,31.1,EUR,A,0
TXN0006934,45331,CARD00063,MERC00388,ATM WITHDRAWAL,60.0,INR,A,0
TXN0005682,09-05-2024,CARD00612,MERC00174,PURCHASE,8.52,USD,A,0
TXN0000136,02-05-2024,CARD00211,MERC00266,PURCHASE,30.85,CAD,A,0
TXN0004176,03-02-2024,CARD00799,MERC00399,ATM WITHDRAWAL,200.0,AED,A,1
TXN0010332,08-01-2024,CARD00432,MERC00334,PURCHASE,120.64,AUD,A,0
TXN0011521,17-01-2024,CARD00291,MERC00124,PURCHASE,99.1,JPY,A,0
TXN0001710,23-05-2024,CARD00387,MERC00336,PURCHASE,73.84,GBP,A,1
TXN0000760,02-04-2024,CARD00715,MERC00086,PURCHASE,379.46,MXN,A,0
TXN0013965,45331,CARD00641,MERC00047,PURCHASE,11.13,CAD,A,0
TXN0000502,03-01-2024,CARD00309,MERC00201,PURCHASE,59.09,USD,A,0
TXN0011524,02-01-2024,CARD00745,MERC00214,PURCHASE,$112.16,AED,A,0
TXN0002678,04-03-2024,CARD00218,MERC00356,PURCHASE,$44.23,AUD,A,0
TXN0013264,45420,CARD00289,MERC00291,BALANCE TRANSFER,"$1,045.26",EUR,A,0
TXN0013435,45435,CARD00062,MERC00093,PURCHASE,98.76,JPY,D,0
TXN0001590,11-04-2024,CARD00780,MERC00125,PURCHASE,82.45,USD,A,0
TXN0005274,12-06-2024,CARD00500,MERC00300,PURCHASE,32.63,JPY,A,0
TXN0002437,45323,CARD00097,MERC00147,CASH ADVANCE,160.84,USD,A,0
TXN0010691,07-05-2024,CARD00733,MERC00356,PURCHASE,129.25,AUD,A,0
TXN0011938,08-06-2024,CARD00113,MERC00189,PURCHASE,44.7,GBP,A,0
TXN0011997,20-06-2024,  CARD00500,MERC00168, PURCHASE ,104.52,JPY,A,0
TXN0008723,28-02-2024,CARD00305,MERC00293,PURCHASE,$93.65,USD,A,1
TXN0013324,45356,CARD00606,MERC00349,PURCHASE,$73.91,USD,A,0
TXN0008786,45425,CARD00220,MERC00252,PURCHASE,$48.50,USD,A,0
TXN0001118,45460,CARD00287,MERC00013,PURCHASE,63.56,USD,A,0
TXN0011737,45362,CARD00097,MERC00125,BALANCE TRANSFER,509.02,USD,A,0
TXN0005261,24-06-2024,CARD00382,MERC00366,PURCHASE,31.01,EUR,A,0
TXN0014200,13-02-2024,CARD00517,MERC00060,PURCHASE  ,7.33,GBP,A,0
TXN0009719,29-04-2024,CARD00509,MERC00075,PURCHASE,88.7,USD,A,0
TXN0000349,14-02-2024,CARD00461,MERC00228,PURCHASE,19.36,EUR,D,1
TXN0012420,45423,CARD00277  ,MERC00400,ATM WITHDRAWAL,40.0,BRL,A,0
TXN0012297,29-03-2024,CARD00038,MERC00174,PURCHASE,41.53,USD,A,0
TXN0009620 ,28-06-2024,CARD00077,MERC00266,BALANCE TRANSFER,1238.08,CAD,A,0
TXN0007581,11-05-2024,CARD00381,MERC00319,PURCHASE,119.5,USD,A,0
TXN0003373,16-06-2024,CARD00799,MERC00082,PURCHASE,$13.07,AED,A,1
TXN0000263,27-04-2024,CARD00225,MERC00251,PURCHASE,26.08,BRL,A,1
TXN0004322,01-02-2024,CARD00343,MERC00263,PURCHASE,19.42,BRL,A,0
TXN0014035,11-06-2024,CARD00457,MERC00187,PURCHASE,$41.40,AUD,A,0
TXN0007586,16-05-2024,CARD00417,MERC00366,PURCHASE,108.8,EUR,A,0
TXN0007337,19-04-2024,CARD00593,MERC00006,PURCHASE,12.93,BRL,A,0
TXN0012804,06-03-2024,CARD00079,  MERC00374,ATM WITHDRAWAL,60.0,EUR,A,0
TXN0012516,30-06-2024,CARD00288,MERC00315,PURCHASE,43.68,CAD,A,0
TXN0007441,27-01-2024,CARD00372,MERC00187,PURCHASE,31.68,AUD,A,0
TXN0002626,10-06-2024,CARD00793,MERC00116,PURCHASE,$12.82,SGD,A,0
TXN0006952,22-02-2024,CARD00063,MERC00076,PURCHASE,95.64,INR,A,0
TXN0000482,31-05-2024,CARD00392,MERC00234,PURCHASE,50.95,GBP,A,0
TXN0011425  ,28-05-2024,CARD00100,MERC00187,PURCHASE,149.98,GBP,A,1
TXN0000160,28-06-2024,CARD00234,MERC00247,PURCHASE,42.96,USD,A,0
TXN0014577,26-03-2024,CARD00557,MERC00056,PURCHASE,64.63,MXN,A,0
TXN0010365,13-06-2024,CARD00474,MERC00274,PURCHASE,104.18,INR,A,0
TXN0015245,29-05-2024,CARD00044,MERC00334,PURCHASE,55.24,AUD,A,0
TXN0005723,27-03-2024,CARD00567,MERC00159,PURCHASE,$52.07,USD,A,0
TXN0005530,09-04-2024,CARD00114,MERC00243,CASH ADVANCE,152.05,MXN,A,0
TXN0001557,08-06-2024,CARD00681,MERC00188,PURCHASE,63.48,USD,A,0
TXN0015354,45430,CARD00056,MERC00355,PURCHASE,647.67,SGD,A,0
TXN0000078,04-01-2024,CARD00522,MERC00223,PURCHASE,115.15,EUR,A,0
TXN0007290,06-03-2024,CARD00444,MERC00079,PURCHASE,15.55,USD,A,0
TXN0001747,45326,CARD00591,MERC00286,PURCHASE,21.53,GBP,A,0
TXN0001771,45331,CARD00025,MERC00120,PURCHASE,$92.69,JPY,A,0
TXN0015385,05-04-2024,CARD00730,MERC00091,PURCHASE,44.74,JPY,A,0
TXN0008396,16-04-2024,CARD00392,MERC00052,PURCHASE,21.5,GBP,A,0
TXN0001437,11-06-2024,CARD00215,MERC00395,ATM WITHDRAWAL,200.0,CAD,A,1
TXN0001979,13-06-2024,CARD00218,MERC00287,PURCHASE,60.78,AUD,A,0
TXN0009709,23-04-2024,CARD00406,MERC00311,PURCHASE,26.32,AUD,A,0
TXN0014282,08-06-2024,CARD00563,MERC00074,PURCHASE,52.74,AUD,A,0
TXN0014970,28-04-2024,CARD00151,MERC00249,PURCHASE,23.16,EUR,A,0
TXN0003309,11-02-2024, CARD00147 ,MERC00205,PURCHASE,51.57,INR,A,0
TXN0006367,17-01-2024,CARD00379,MERC00087,PURCHASE,472.31,USD,D,0
TXN0014896,11-03-2024,CARD00383,MERC00284,PURCHASE,24.88,USD,A,0
TXN0014261,09-05-2024,CARD00367,MERC00255,PURCHASE,$80.90,CAD,A,0
TXN0010513,14-06-2024,CARD00774,MERC00357,PURCHASE,35.0,GBP,A,0
TXN0015199,15-01-2024,CARD00373,MERC00182,BALANCE TRANSFER,1065.58,BRL,A,0
TXN0015130,21-04-2024,CARD00116,MERC00331,PURCHASE,39.16,USD,A,0
TXN0007279,45402,CARD00212,MERC00113,PURCHASE,29.2,AUD,A,0
TXN0011419,07-01-2024,CARD00093,MERC00050,PURCHASE,31.81,MXN,D,0
TXN0015360,28-04-2024,CARD00068,MERC00124,PURCHASE,1516.51,USD,A,1
TXN0001844,06-02-2024,CARD00516,MERC00217,PURCHASE,88.62,BRL,A,0
TXN0009364,01-02-2024,CARD00794,MERC00107,PURCHASE,76.62,CAD,A,0
TXN0001575,45340,CARD00448,MERC00297,PURCHASE,21.88,CAD,A,0
TXN0013590,02-06-2024,CARD00246,MERC00335,PURCHASE,195.24,CAD,A,0
TXN0010063,25-05-2024,CARD00380,MERC00192,PURCHASE,69.49,MXN,A,0
TXN0003003,06-01-2024,CARD00508,MERC00082,PURCHASE,1280.36,GBP,A,0
TXN0004999,08-02-2024,CARD00343,MERC00035,PURCHASE,47.78,BRL,A,0
TXN0001022,45417,CARD00033,MERC00188,PURCHASE,18.54,USD,A,0
TXN0011185,45440,CARD00367,MERC00176,PURCHASE,106.3,CAD,A,0
TXN0012242,29-01-2024,CARD00260,MERC00247,PURCHASE,$18.60,USD,A,0
TXN0010208,12-05-2024,CARD00102,MERC00354,PURCHASE,116.64,USD,A,0
TXN0012037,14-06-2024,CARD00670,MERC00198 ,PURCHASE,48.05,EUR,D,0
TXN0011005,28-02-2024,CARD00110,  MERC00113,PURCHASE,36.68,AUD,A,0
TXN0002238 ,03-04-2024,CARD00189,MERC00043,PURCHASE,36.77,INR,A,0
TXN0001637,05-04-2024,CARD00085,MERC00293,PURCHASE,16.05,INR,D,0
TXN0005930,45362,CARD00346,MERC00141,PURCHASE,55.24,BRL,A,0
TXN0012509,18-04-2024,CARD00040,MERC00310,BALANCE TRANSFER,414.62,USD,A,0
TXN0001959,45311,CARD00652,MERC00356,PURCHASE,218.61,AUD,A,0
TXN0005331,12-03-2024,CARD00728,MERC00235,PURCHASE,10.42,MXN,A,0
TXN0012702,23-03-2024,  CARD00027,  MERC00214,PURCHASE,245.44,AED,A,0
TXN0006053,07-02-2024,  CARD00353,MERC00291,PURCHASE,57.99,EUR,A,0
TXN0001402,45335,CARD00182,MERC00078,PURCHASE,$734.23,BRL,A,0
TXN0008886,04-06-2024,CARD00166,MERC00321,PURCHASE,$29.83,GBP,A,1
TXN0001727,22-04-2024,CARD00796,MERC00314,PURCHASE,27.48,CAD,A,0
TXN0006955,45376,CARD00505,MERC00227,PURCHASE,201.15,MXN,A,0
TXN0010941,22-01-2024,CARD00046,MERC00345,PURCHASE,23.75,EUR,D,0
TXN0000173,18-05-2024,CARD00738,MERC00327,PURCHASE,56.46,EUR,A,0
TXN0013059,29-02-2024,CARD00272,MERC00211  ,PURCHASE,131.79,INR,A,0
TXN0000446,18-04-2024,CARD00101,MERC00103,PURCHASE,92.07,INR,A,1
TXN0014377,14-04-2024,CARD00162,MERC00132,BALANCE TRANSFER,1203.57,INR,A,0
TXN0015698,25-03-2024,CARD00010  ,MERC00272,PURCHASE,57.79,GBP,A,0
TXN0002274,26-01-2024,CARD00655,MERC00312,PURCHASE,695.4,EUR,A,0
TXN0015976,22-06-2024,CARD00121,MERC00262,PURCHASE,40.93,AED,D,0
TXN0006529,45451,CARD00217,MERC00176,BALANCE TRANSFER,491.31,CAD,A,0
TXN0000574,21-02-2024,CARD00193,MERC00138,PURCHASE,439.5,SGD,A,0
TXN0002894,45424,CARD00448,MERC00335,PURCHASE,39.01,CAD,A,0
TXN0004473,02-02-2024,CARD00034,MERC00392,ATM WITHDRAWAL,60.0,USD,A,0
TXN0008398,11-02-2024,CARD00725,MERC00070,PURCHASE,30.86,AUD,A,0
TXN0004365,24-06-2024,CARD00356,MERC00143,PURCHASE,372.1,USD,A,0
TXN0000555,24-06-2024,CARD00384  ,MERC00108,PURCHASE,80.65,JPY,A,0
TXN0003780,26-04-2024,CARD00292,MERC00009,PURCHASE,$24.99,GBP,A,0
TXN0002891,13-04-2024,CARD00306,MERC00250,PURCHASE,77.93,INR,A,0
TXN0013372,30-01-2024,CARD00712,MERC00027,PURCHASE,116.87,USD,A,1
TXN0014453,22-03-2024,CARD00557,MERC00390,ATM WITHDRAWAL,500.0,MXN,A,0
TXN0004467,05-05-2024,CARD00184,MERC00222,PURCHASE,124.09,EUR,A,0
TXN0000454,45385,CARD00566,MERC00071,PURCHASE,268.17,JPY,A,0
TXN0009213,45320,CARD00083,MERC00289,PURCHASE,18.29,BRL,A,0
TXN0002048,02-06-2024,CARD00542,MERC00347,PURCHASE,$64.61,EUR,A,0
TXN0010956,14-06-2024,CARD00289,MERC00122,PURCHASE,41.14,EUR,A,0
TXN0006006,17-06-2024,CARD00224,MERC00027,PURCHASE,171.82,MXN,A,0
TXN0015427,11-05-2024,CARD00376,MERC00347,PURCHASE,882.61,EUR,A,0
TXN0003081,06-02-2024,CARD00624,MERC00031,PURCHASE,45.39,CAD,A,0
TXN0015358,26-02-2024,CARD00671,MERC00167,PURCHASE,24.5,JPY,A,0
TXN0006297,19-01-2024,CARD00182,MERC00035,PURCHASE,$193.66,BRL,A,0
TXN0012736,02-04-2024,CARD00180,MERC00371,ATM WITHDRAWAL,60.0,USD,D,1
TXN0007322,05-02-2024,CARD00290,MERC00105,PURCHASE,182.97,EUR,A,0
TXN0001946,03-05-2024,CARD00664,MERC00300,PURCHASE,20.08,JPY,A,0
TXN0010471,01-06-2024,CARD00077,MERC00266,PURCHASE,23.03,CAD,A,0
TXN0000236,05-01-2024,CARD00146,MERC00060,PURCHASE,20.15,GBP,A,0
TXN0003636,16-06-2024,CARD00027,MERC00089,PURCHASE,24.57,AED,A,0
TXN0001622,06-01-2024,CARD00593,MERC00066,PURCHASE,12.13,BRL,A,0
TXN0000336,09-04-2024,CARD00299,MERC00176,PURCHASE,16.94,CAD,A,0
TXN0002740,16-02-2024,CARD00730,MERC00108,PURCHASE,56.63,JPY,A,0
TXN0001740,45463,CARD00798,MERC00153,CASH ADVANCE,200.35,USD,A,0
TXN0012250,19-06-2024,CARD00136,MERC00303 ,PURCHASE,139.72,USD,A,0
TXN0001763,45384,CARD00279,MERC00116  ,PURCHASE,$12.71,SGD,A,0
TXN0005225,01-03-2024,CARD00262,  MERC00122,  PURCHASE,$23.42,EUR,A,0
TXN0014099,07-06-2024,CARD00392,MERC00272,PURCHASE,$50.27,GBP,A,0
TXN0015762,30-04-2024,CARD00444,MERC00058,PURCHASE,53.92,USD,A,0
TXN0004695,16-05-2024,CARD00452,MERC00073,PURCHASE,31.32,AUD,A,0
TXN0001544,16-05-2024,CARD00771,MERC00266,CASH ADVANCE,366.28,CAD,A,0
TXN0007257,26-06-2024,CARD00656,MERC00339,PURCHASE,88.05,EUR,A,0
TXN0004096,02-02-2024,CARD00769,MERC00186,PURCHASE,22.13,EUR,A,0
TXN0000164,19-01-2024,CARD00309,MERC00080,PURCHASE,100.76,USD,A,1
TXN0008649,27-06-2024,CARD00424,MERC00251,PURCHASE,46.69,JPY,A,0
TXN0007197,14-05-2024,CARD00119,MERC00087,PURCHASE,"$2,568.09",USD,A,0
TXN0012266,45403,CARD00433,MERC00242,PURCHASE,72.92,INR,A,0
TXN0004499,22-01-2024,CARD00574,MERC00301,PURCHASE,249.97,EUR,A,0
TXN0003544,26-05-2024,CARD00496,MERC00315,PURCHASE,51.26,CAD,A,0
TXN0010058,26-03-2024, CARD00176 ,MERC00096,PURCHASE,21.54,EUR,A,0
TXN0000022,26-06-2024,CARD00371,MERC00398,ATM WITHDRAWAL,40.0,USD,A,0
TXN0001065,15-06-2024,CARD00367,MERC00266,PURCHASE,36.89,CAD,D,0
TXN0005009,22-01-2024,CARD00160,MERC00391,ATM WITHDRAWAL,60.0,USD,A,0
TXN0000430,16-04-2024,CARD00367,MERC00210,PURCHASE,131.61,CAD,A,0
TXN0010555,45452,CARD00260,MERC00171,PURCHASE,72.98,USD,A,0
TXN0008720,45398,CARD00636,MERC00166,PURCHASE,24.5,BRL,A,0
TXN0014372,22-04-2024,CARD00285,MERC00269,PURCHASE,69.44,EUR,A,0
TXN0007025,27-02-2024,CARD00551,MERC00298,PURCHASE,14.46,USD,D,0
TXN0010116,45456,CARD00254,MERC00050,PURCHASE,53.46,MXN,A,0
TXN0013826,24-06-2024,  CARD00160,MERC00376,ATM WITHDRAWAL,300.0,USD,A,1
TXN0012600,45419,CARD00564,MERC00042,PURCHASE,37.48,USD,A,0
TXN0013311,24-03-2024,CARD00721,MERC00195,PURCHASE,110.79,USD,A,1
TXN0006066,45375,CARD00629,MERC00279,  PURCHASE,167.99,USD,A,0
TXN0009345,26-03-2024,CARD00565  ,MERC00072,PURCHASE,67.65,INR,A,1
TXN0015514,11-02-2024,CARD00042,MERC00326  ,PURCHASE,118.46,USD,A,0
TXN0007840,45417,CARD00596,MERC00287,PURCHASE,25.92,AUD,A,0
TXN0003549,15-01-2024,CARD00625,MERC00336,PURCHASE,37.37,USD,A,1
TXN0002318,45349,CARD00570,MERC00361,PURCHASE,14.92,INR,A,0
TXN0012743,08-04-2024,CARD00151,MERC00354,PURCHASE,106.17,EUR,A,1
TXN0008163,31-05-2024,CARD00570,MERC00005,PURCHASE,52.11,INR,A,0
TXN0012038,30-05-2024,CARD00472,MERC00109,PURCHASE,34.35,JPY,A,0
TXN0002641,02-05-2024,CARD00563,MERC00358  ,PURCHASE,30.53,AUD,A,1
TXN0006448,08-04-2024,CARD00302,MERC00122,  PURCHASE,131.1,EUR,A,0
TXN0012134,12-06-2024,CARD00336,MERC00175,PURCHASE,16.56,USD,A,0
TXN0005318,45382,CARD00759,MERC00043,BALANCE TRANSFER,1950.15,INR,A,0
TXN0001965,17-04-2024,CARD00635,MERC00298,PURCHASE,37.6,USD,A,0
TXN0004881,28-06-2024,CARD00721,MERC00354,PURCHASE,444.85,USD,A,0
TXN0009904,02-05-2024,CARD00094,MERC00345,PURCHASE,175.85,EUR,A,0
TXN0002050,08-05-2024,CARD00380,MERC00192,PURCHASE,$12.54,MXN,A,0
TXN0009886,19-02-2024,CARD00632,MERC00314,PURCHASE,21.05,CAD,A,0
TXN0014403,12-02-2024,CARD00534,MERC00132,PURCHASE,$172.80,INR,A,0
TXN0011631,45405,CARD00169,MERC00086,PURCHASE,26.51,MXN,A,0
TXN0006657,22-02-2024,CARD00238,MERC00164,PURCHASE,887.15,AUD,A,0
TXN0013731,11-05-2024,CARD00456,MERC00244,PURCHASE,$32.21,AUD,A,0
TXN0006641,30-03-2024,CARD00300,MERC00151,PURCHASE,$30.16,INR,A,0
TXN0009363,11-06-2024,CARD00536,MERC00212,BALANCE TRANSFER,482.1,INR,A,0
TXN0006499,25-06-2024, CARD00270 ,MERC00237,PURCHASE,149.98,SGD,A,0
TXN0012556,05-03-2024,CARD00354,MERC00182,PURCHASE,11.58,BRL,A,0
TXN0011395,17-01-2024,CARD00556,MERC00046,PURCHASE,$151.64,INR,A,0
TXN0014997,05-06-2024,CARD00054,MERC00113,PURCHASE,14.7,AUD,A,0
TXN0005234,13-04-2024,CARD00056,MERC00382,ATM WITHDRAWAL,40.0,SGD,A,1
TXN0002566,04-05-2024,CARD00722,MERC00287,PURCHASE,26.15,AUD,A,0
TXN0015222,03-02-2024,CARD00336  ,MERC00206,PURCHASE,11.87,USD,A,0
TXN0003814,17-06-2024,CARD00052,MERC00016,PURCHASE,42.83,BRL,A,0
TXN0012008,24-05-2024,CARD00253,MERC00074,PURCHASE,86.13,AUD,A,0
TXN0002174,20-06-2024,CARD00051,MERC00254,PURCHASE,137.98,GBP,A,0
TXN0008757,07-06-2024,CARD00284,MERC00357,BALANCE TRANSFER,$551.18,GBP,A,0
TXN0006739,45468,CARD00556,MERC00076,PURCHASE,88.47,INR,A,0
TXN0005814,16-04-2024,CARD00499,MERC00027,PURCHASE,25.46,MXN,A,0
TXN0000313,23-03-2024,CARD00758,MERC00320,PURCHASE,21.33,USD,A,0
TXN0000096,45298,CARD00699,MERC00298,PURCHASE,48.85,USD,A,0
TXN0009871,23-06-2024, CARD00584 ,MERC00115,PURCHASE,51.64,INR,A,0
TXN0006918,24-05-2024,CARD00432,MERC00240,PURCHASE,45.89,AUD,A,0
TXN0015292,09-01-2024,CARD00495,MERC00298,PURCHASE,4.67,USD,A,0
TXN0005733,20-03-2024,CARD00378,MERC00262,PURCHASE,101.74,AED,A,0
  TXN0014829,45453,CARD00762,MERC00112,PURCHASE,58.55,INR,A,0
TXN0005839,03-04-2024,CARD00133,MERC00091,PURCHASE,9.53,JPY,A,0
TXN0002584,45446,CARD00462,MERC00328,PURCHASE,53.6,CAD,A,0
TXN0011827,12-05-2024,CARD00574,MERC00198,PURCHASE,115.64,EUR,D,0
TXN0007135,21-05-2024,  CARD00099,MERC00200,PURCHASE,$43.68,USD,A,0
TXN0012579,11-06-2024,CARD00746  ,MERC00170,PURCHASE,24.21,SGD,A,0
TXN0011044,20-06-2024,CARD00222,MERC00194,PURCHASE,56.71,GBP,A,0
TXN0015994,07-06-2024,CARD00395,MERC00185  ,PURCHASE,65.15,GBP,A,0
TXN0009789,28-03-2024,CARD00053,MERC00365,PURCHASE,76.77,USD,A,0
TXN0008888,45460,CARD00292,MERC00160,PURCHASE,43.55,GBP,A,0
TXN0005684,45470,CARD00590,MERC00215,BALANCE TRANSFER,1111.92,EUR,A,0
TXN0009489,45449,CARD00753,MERC00045,PURCHASE,$12.78,USD,A,0
TXN0002977,25-01-2024,CARD00636,MERC00263,PURCHASE,$94.30,BRL,A,0
TXN0009792,27-06-2024,CARD00304,MERC00068,PURCHASE,41.38,BRL,D,0
TXN0003104,23-01-2024,CARD00723,MERC00381,ATM WITHDRAWAL,$500.00,JPY,A,0
TXN0005823,12-06-2024,CARD00196,MERC00265,PURCHASE,16.89,USD,A,0
TXN0002158,45406,CARD00239,MERC00102  ,PURCHASE,538.87,INR,A,0
TXN0003245,45355,CARD00543,MERC00320,PURCHASE,$128.92,USD,A,0
TXN0005536,45302,CARD00689,MERC00128,PURCHASE,33.65,GBP,A,0
TXN0015618,45336,CARD00004,MERC00221,PURCHASE,161.13,AED,A,0
TXN0007936,18-02-2024,CARD00287,MERC00232,PURCHASE,46.46,USD,A,0
TXN0007235,12-01-2024,CARD00195,MERC00056,PURCHASE,82.9,MXN,A,0
TXN0002850,02-05-2024,CARD00498,MERC00123,PURCHASE,29.57,USD,A,0
TXN0009585,26-05-2024,CARD00502,MERC00184,PURCHASE,101.24,USD,A,0
TXN0004544,23-03-2024,CARD00032,MERC00253,PURCHASE,$34.10,SGD,A,0
TXN0015536,05-06-2024,CARD00267,MERC00035,PURCHASE,24.46,BRL,A,0
TXN0013212,18-04-2024,CARD00568,MERC00201,PURCHASE,$6.68,USD,A,0
TXN0003915,23-01-2024,CARD00079,MERC00096,PURCHASE,$14.29,EUR,A,0
TXN0013906,45439,  CARD00412,MERC00385,ATM WITHDRAWAL,200.0,GBP,A,0
TXN0010753,03-05-2024,CARD00656  ,MERC00158,PURCHASE,138.71,EUR,A,0
TXN0003184,26-05-2024,CARD00408,MERC00159,PURCHASE,98.87,USD,A,0
TXN0015303  ,29-04-2024,CARD00167,MERC00358,PURCHASE,51.03,MXN,A,0
TXN0012076,45470,CARD00274,MERC00165,PURCHASE,$21.14,CAD,A,0
TXN0002565,18-06-2024,CARD00541,MERC00138,PURCHASE,60.35,SGD,A,0
TXN0010181,03-06-2024,CARD00251,MERC00203,PURCHASE,153.92,USD,A,0
TXN0011280,15-04-2024,CARD00175,MERC00204,PURCHASE,47.28,INR,A,1
TXN0002034,45347,CARD00093,MERC00192,PURCHASE,27.98,MXN,A,0
TXN0006912,01-05-2024,CARD00076,MERC00388,ATM WITHDRAWAL,40.0,INR,A,0
TXN0000742,16-03-2024,CARD00261,MERC00235,BALANCE TRANSFER,551.58,MXN,A,0
TXN0015066,11-02-2024,CARD00146,MERC00385,ATM WITHDRAWAL,60.0,GBP,A,0
TXN0001205,21-04-2024,CARD00005,MERC00347,BALANCE TRANSFER,756.3,EUR,A,0
TXN0015211,08-05-2024,CARD00353,MERC00215,PURCHASE,84.91,EUR,A,0
TXN0015073,26-04-2024,CARD00164,MERC00030,PURCHASE  ,317.13,USD,A,0
TXN0008667,22-01-2024,CARD00268,MERC00170,PURCHASE,$53.72,SGD,A,0
TXN0007863,23-02-2024,CARD00241,MERC00290,PURCHASE,37.74,INR,A,0
TXN0008487,45331,CARD00684,MERC00343,PURCHASE,34.74,EUR,A,0
TXN0001928,26-06-2024,CARD00166,MERC00228,PURCHASE,531.52,GBP,A,0
TXN0005525,22-02-2024,CARD00380,MERC00358,PURCHASE,52.31,MXN,A,0
TXN0010054,19-05-2024,CARD00590,MERC00259,PURCHASE,19.37,EUR,A,0
TXN0015260,12-03-2024,CARD00172,MERC00386,ATM WITHDRAWAL,200.0,INR,A,0
TXN0013793,27-06-2024,CARD00789,MERC00386,ATM WITHDRAWAL,60.0,INR,A,0
TXN0001475,06-05-2024,CARD00112,MERC00221,PURCHASE,20.36,AED,A,0
TXN0006791,16-01-2024,CARD00222, MERC00060 ,PURCHASE,13.8,GBP,A,0
TXN0004976  ,10-03-2024,CARD00037,MERC00030,PURCHASE,69.39,USD,A,0
TXN0011730,45357,CARD00712,MERC00246,PURCHASE,472.13,USD,A,0
TXN0010677,17-06-2024,CARD00526,MERC00044,PURCHASE,41.82,MXN,A,0
TXN0012067,12-01-2024,CARD00407,MERC00089, PURCHASE ,$40.78,USD,A,1
TXN0001580,28-04-2024,CARD00725,MERC00353,BALANCE TRANSFER,1211.25,AUD,A,0
TXN0002657,06-04-2024,CARD00301,MERC00160,BALANCE TRANSFER,337.66,GBP,A,0
TXN0015669,19-01-2024,CARD00643,MERC00165,PURCHASE,17.91,USD,A,1
TXN0006005,23-04-2024,CARD00191,MERC00320,PURCHASE,37.59,USD,A,0
TXN0000921,27-02-2024,CARD00553,MERC00103,PURCHASE,20.77,EUR,A,0
TXN0000102,24-03-2024,CARD00374,MERC00132,PURCHASE,35.46,INR,A,0
TXN0010844,18-01-2024,CARD00027,MERC00374,ATM WITHDRAWAL,60.0,AED,A,1
TXN0008634,28-04-2024,CARD00371,MERC00269,PURCHASE,$41.15,USD,A,1
TXN0001369,45306, CARD00187 ,MERC00171,PURCHASE,685.68,USD,A,0
TXN0005456,14-01-2024,CARD00404,MERC00350,PURCHASE,28.72,GBP,A,0
TXN0005464,45459,CARD00065,MERC00104,PURCHASE,97.56,EUR,A,0
TXN0010016,16-04-2024,CARD00289,MERC00378,ATM WITHDRAWAL,20.0,EUR,A,0
TXN0000564,06-02-2024,CARD00412,MERC00009,PURCHASE,251.42,GBP,A,0
TXN0014668,27-06-2024,CARD00565,MERC00236,PURCHASE,40.95,INR,A,0
TXN0014335,27-01-2024,CARD00712,MERC00284,PURCHASE,373.63,USD,A,0
TXN0012677,25-05-2024,CARD00328,MERC00384,ATM WITHDRAWAL,20.0,USD,A,0
TXN0014231,26-02-2024,CARD00203,MERC00228,PURCHASE,34.3,USD,A,1
TXN0006861,21-04-2024,CARD00752,MERC00243,PURCHASE,182.62,MXN,A,0
TXN0011797,45379,CARD00064,MERC00115,PURCHASE,17.53,INR,A,0
TXN0012029,11-05-2024,CARD00441,MERC00129,PURCHASE,72.84,INR,A,0
TXN0011165,24-04-2024,CARD00275,MERC00018,PURCHASE,18.06,USD,A,0
TXN0002975,10-06-2024,CARD00603,MERC00215,PURCHASE,82.1,EUR,A,0
TXN0004246,22-03-2024,CARD00667,MERC00289,PURCHASE,$33.34,BRL,A,0
TXN0003633,15-03-2024,  CARD00074,MERC00237,BALANCE TRANSFER,2671.87,SGD,A,0
TXN0013723,45370,CARD00405,MERC00205,CASH ADVANCE,227.85,INR,A,0
TXN0013220,30-05-2024,CARD00332  ,MERC00086,PURCHASE,28.0,MXN,A,0
TXN0006379,09-03-2024,CARD00727,MERC00071,PURCHASE,61.66,JPY,D,0
TXN0015996,45404,CARD00644,MERC00154,PURCHASE,362.43,GBP,A,0
TXN0013742,12-05-2024,CARD00437,MERC00097,PURCHASE,24.96,EUR,A,0
TXN0007358,23-05-2024,CARD00028,MERC00327,PURCHASE,129.25,EUR,A,0
TXN0009875,21-06-2024,CARD00467,MERC00061,PURCHASE,18.59,BRL,D,0
TXN0008043,10-05-2024,CARD00386,MERC00382,ATM WITHDRAWAL,60.0,JPY,A,0
TXN0004101,45329,CARD00695,MERC00382,ATM WITHDRAWAL,200.0,JPY,A,0
TXN0015731,45364,CARD00041,MERC00268,PURCHASE,22.54,INR,A,0
TXN0010611,01-01-2024,CARD00731,MERC00156,PURCHASE,31.24,EUR,A,0
TXN0004907,27-02-2024,CARD00375,MERC00023,PURCHASE,14.22,AED,A,0
TXN0001524,45393,CARD00097,MERC00384,ATM WITHDRAWAL,40.0,USD,A,0
TXN0002889,30-05-2024,CARD00233,MERC00139,PURCHASE,47.94,INR,A,0
TXN0014107,25-06-2024,CARD00499,MERC00101,PURCHASE,11.62,MXN,A,0
TXN0015788,19-06-2024,CARD00233,MERC00090,PURCHASE,58.46,INR,A,0
TXN0003187,45451, CARD00112 ,MERC00221,PURCHASE,43.46,AED,A,0
TXN0007821,01-06-2024,CARD00690,MERC00353 ,PURCHASE,12.47,AUD,A,0
TXN0004573,28-03-2024,CARD00416,MERC00290,CASH ADVANCE,300.19,INR,A,0
TXN0015507,27-02-2024,CARD00405,MERC00302,PURCHASE,56.78,INR,A,0
TXN0009387,08-06-2024,CARD00478,MERC00124,PURCHASE,47.42,JPY,A,0
TXN0005416,24-01-2024,CARD00395,MERC00003,PURCHASE,30.9,GBP,A,0
TXN0010163,45424,CARD00732,MERC00046,PURCHASE,$41.86,INR,A,0
TXN0013125,01-06-2024,CARD00611,MERC00376,ATM WITHDRAWAL,150.0,INR,A,0
TXN0011956,12-01-2024,CARD00611,MERC00361,PURCHASE,10.64,INR,A,0
TXN0005645,29-05-2024,CARD00690,MERC00073,PURCHASE,34.49,AUD,D,0
TXN0014050,22-03-2024,CARD00110,MERC00113,PURCHASE,$10.56,AUD,A,0
TXN0010226,13-04-2024,CARD00381,MERC00133,BALANCE TRANSFER,1336.35,USD,A,0
TXN0010176,14-02-2024,CARD00109,MERC00073  ,PURCHASE,20.58,AUD,A,0
TXN0004757,18-02-2024,CARD00200,MERC00033,PURCHASE,38.46,MXN,A,0
TXN0003689,16-06-2024,CARD00038,MERC00143,CASH ADVANCE,326.74,USD,A,0
TXN0000248,11-02-2024,CARD00312,MERC00183,PURCHASE,$371.39,USD,A,0
TXN0011967,13-02-2024,CARD00423,MERC00097,PURCHASE,109.6,EUR,A,0
TXN0015289,45358,CARD00637,MERC00196,PURCHASE,689.07,EUR,A,0
TXN0010214,26-02-2024,CARD00493,MERC00223,PURCHASE,40.0,EUR,A,0
TXN0009025,07-03-2024,CARD00769,MERC00196,PURCHASE,87.46,EUR,A,0
TXN0000092,16-02-2024,CARD00565,MERC00046,PURCHASE,34.35,INR,A,0
TXN0002905,07-03-2024,CARD00427,MERC00317,PURCHASE,100.49,USD,D,0
TXN0003469,15-04-2024,CARD00217,MERC00037,PURCHASE,56.39,CAD,A,0
TXN0010177,45339,CARD00716,MERC00056,PURCHASE,29.56,MXN,D,0
TXN0005214,31-05-2024,CARD00442,MERC00195,CASH ADVANCE,351.05,INR,A,0
TXN0001706,19-01-2024,CARD00600,MERC00025,PURCHASE,53.34,USD,A,0
TXN0012181,45392,CARD00611,MERC00115,PURCHASE,42.99,INR,A,0
TXN0008602,20-06-2024,CARD00423,MERC00017,PURCHASE,395.97,EUR,A,0
TXN0008047,21-05-2024,CARD00539,MERC00395,ATM WITHDRAWAL,100.0,INR,A,0
TXN0015774,13-06-2024,CARD00732,MERC00134,PURCHASE,22.36,INR,A,0
TXN0000040,30-04-2024,CARD00255,MERC00070,PURCHASE,629.66,AUD,A,0
TXN0015597,13-01-2024,  CARD00253,MERC00073,PURCHASE,349.35,AUD,A,0
TXN0001119,07-04-2024,CARD00119,MERC00013,PURCHASE,436.84,USD,A,0
TXN0002511,17-04-2024,CARD00697,MERC00234,PURCHASE,83.32,GBP,A,0
TXN0013720,45309,CARD00565,MERC00005,PURCHASE,88.62,INR,A,0
TXN0008591,13-05-2024,CARD00255,MERC00113,PURCHASE,48.87,AUD,A,0
TXN0004167,26-05-2024,CARD00260,MERC00159,PURCHASE,102.53,USD,A,0
TXN0012856,45339,CARD00164,MERC00232,PURCHASE,20.59,USD,A,0
TXN0001950,16-02-2024,CARD00660,MERC00274,PURCHASE,$27.29,INR,D,0
TXN0011279,02-03-2024,CARD00251,MERC00123,PURCHASE,32.46,USD,A,0
TXN0002282,05-02-2024,CARD00740,MERC00018,PURCHASE,22.24,USD,A,0
TXN0013249,21-04-2024,CARD00254,MERC00235,PURCHASE,21.33,MXN,A,0
TXN0000054,07-01-2024,CARD00020,MERC00044,PURCHASE,42.35,MXN,A,0
TXN0005670,18-01-2024,CARD00704,MERC00326,PURCHASE,14.52,AUD,A,1
TXN0015125,45375,CARD00034,MERC00045,PURCHASE,39.19,USD,A,0
TXN0007100,45445,CARD00257,MERC00116,PURCHASE,19.63,SGD,A,0
TXN0013074,45465,CARD00570,MERC00261,PURCHASE,23.49,INR,A,0
TXN0008209,05-04-2024,CARD00531,MERC00053,PURCHASE,46.41,BRL,A,0
TXN0004143,20-02-2024,CARD00312,MERC00042,PURCHASE,170.09,USD,A,0
TXN0011583,20-03-2024,CARD00575,MERC00305,PURCHASE,52.89,AED,A,0
TXN0014775,09-02-2024,CARD00256,MERC00323,PURCHASE,$45.10,JPY,A,1
TXN0008995,18-02-2024,CARD00569,MERC00084,PURCHASE,39.7,MXN,A,0
TXN0006265,27-03-2024,CARD88530,MERC00354,PURCHASE,24.56,USD,D,0
TXN0005882,06-02-2024,CARD00495,MERC00079,PURCHASE,24.34,USD,A,0
TXN0014198,17-02-2024,CARD00246,MERC00360,PURCHASE,31.89,CAD,A,0
TXN0006682,45448,CARD00757,MERC00331,PURCHASE,172.41,USD,A,0
TXN0006289,45435,CARD00323,MERC00230,PURCHASE,117.63,AUD,A,0
TXN0009975,17-05-2024,CARD00637,MERC00104,PURCHASE,195.33,EUR,A,0
TXN0009294,09-06-2024,CARD00710,MERC00140,PURCHASE,55.05,CAD,A,0
TXN0005161,11-04-2024,CARD00283,MERC00141,PURCHASE,16.93,BRL,A,0
TXN0009722 ,21-01-2024,CARD00704,MERC00287,PURCHASE,77.68,AUD,A,0
TXN0006501,23-02-2024,CARD00606,MERC00206,PURCHASE,93.51,USD,A,0
TXN0014608,24-01-2024,CARD00264,MERC00140,PURCHASE,136.9,CAD,D,0
TXN0014855,05-02-2024,CARD00598,MERC00187,PURCHASE,$396.97,USD,A,1
TXN0012949,28-01-2024,CARD00636,MERC00400,ATM WITHDRAWAL,100.0,BRL,A,0
TXN0005635,45433,CARD00083,MERC00015,PURCHASE,63.09,BRL,A,1
TXN0002548,06-01-2024,CARD00437,MERC00388,ATM WITHDRAWAL,20.0,EUR,A,1
TXN0001730,45467, CARD00041 ,MERC00161,PURCHASE,128.75,INR,A,0
TXN0010525,45411,CARD00072,MERC00232,PURCHASE,165.42,USD,A,0
TXN0002252,18-05-2024,CARD00722,MERC00070,PURCHASE,17.84,AUD,A,0
TXN0000007,03-01-2024,CARD00017,MERC00161,PURCHASE,373.14,INR,A,0
TXN0009218,21-04-2024,CARD00800,MERC00388,ATM WITHDRAWAL,20.0,INR,A,0
TXN0001426,11-01-2024,CARD00380,MERC00086,PURCHASE,79.98,MXN,A,0
TXN0008071,15-05-2024,CARD00673,MERC00280,PURCHASE,7.09,BRL,A,0
TXN0008477,06-05-2024,CARD00329,MERC00202,PURCHASE,41.55,MXN,A,1
TXN0003917,25-05-2024,CARD00071,MERC00358,PURCHASE,93.38,MXN,A,0
TXN0004383,04-05-2024,CARD00748,MERC00281,PURCHASE,26.58,USD,A,0
TXN0010767,28-04-2024,CARD00789,MERC00011,PURCHASE,63.25,INR,A,0
TXN0014227,12-06-2024,  CARD00633,MERC00084,PURCHASE,271.41,CAD,A,1
TXN0001717,12-03-2024,CARD00363,MERC00331,BALANCE TRANSFER,923.7,USD,A,0
TXN0000282,20-05-2024,CARD00153,MERC00303,PURCHASE,49.01,USD,A,0
TXN0002024,45429,CARD00339,MERC00316,PURCHASE,95.11,AUD,A,0
TXN0012575,01-05-2024,CARD00759,MERC00145,PURCHASE,78.24,INR,A,0
TXN0003795,03-01-2024,CARD00550,MERC00025,PURCHASE,112.2,USD,D,0
 TXN0004022 ,19-05-2024,CARD00340,MERC00346,PURCHASE,82.36,MXN,A,0
TXN0005357,07-06-2024,CARD00031,MERC00181,PURCHASE,49.68,USD,A,1
TXN0015889,12-03-2024,CARD00791,MERC00082,PURCHASE,188.99,GBP,A,0
TXN0012995,24-02-2024,CARD00721,MERC00075,BALANCE TRANSFER,2087.61,USD,A,0
TXN0000836,20-03-2024,CARD00083,MERC00053,PURCHASE,71.34,BRL,A,0
TXN0004891,10-01-2024,CARD00418,MERC00164,PURCHASE,108.36,AUD,A,0
TXN0007057,45311,CARD00302,MERC00269,PURCHASE,8.32,EUR,A,0
TXN0011295,12-06-2024,CARD00602,MERC00175,PURCHASE,33.23,USD,A,0
TXN0009940,19-04-2024,CARD00162  ,MERC00076,PURCHASE,51.12,INR,A,0
TXN0011380,45336,CARD00738,MERC00198,PURCHASE,110.38,EUR,A,1
TXN0014348,02-03-2024,CARD00481  ,MERC00136,BALANCE TRANSFER,961.4,BRL,A,0
TXN0001252,13-03-2024,CARD00316,MERC00361,PURCHASE,118.18,INR,A,0
TXN0009035,25-05-2024,CARD00196,MERC00051,PURCHASE,16.46,USD,A,0
TXN0007362,14-05-2024,CARD00460,MERC00094,PURCHASE,19.41,USD,D,0
TXN0002822,18-02-2024, CARD00792 ,MERC00215,PURCHASE,144.48,EUR,A,0
TXN0008155,30-04-2024,CARD00612,MERC00308,PURCHASE,42.59,USD,A,0
TXN0010472,13-01-2024,CARD00169,MERC00056,PURCHASE,34.06,MXN,A,0
TXN0000956,26-06-2024,CARD00403,MERC00146,BALANCE TRANSFER,414.28,EUR,A,0
TXN0015437,45456,CARD00072,MERC00125,PURCHASE,225.01,USD,A,0
TXN0007793,18-04-2024,CARD00386,MERC00120,PURCHASE,12.22,JPY,A,0
TXN0014074,04-01-2024,CARD00025,MERC00167,PURCHASE,45.04,JPY,A,0
TXN0008761,10-06-2024,CARD00441,MERC00242,PURCHASE,$89.50,INR,A,0
TXN0001219,10-03-2024,CARD00246,MERC00255,BALANCE TRANSFER,501.77,CAD,A,0
TXN0002273  ,03-05-2024,CARD00355,MERC00173,PURCHASE,241.39,USD,A,0
TXN0002454,20-04-2024,CARD00798,MERC00288,PURCHASE,20.14,USD,A,0
TXN0002736,45293,CARD00156,MERC00035,BALANCE TRANSFER,560.73,EUR,A,1
TXN0006825,12-03-2024,CARD00167,MERC00050,PURCHASE,63.78,MXN,A,0
TXN0001278,19-04-2024, CARD00549 ,MERC00120,PURCHASE,18.43,JPY,A,0
TXN0002298,11-05-2024,CARD00154,MERC00331,PURCHASE,66.61,USD,A,0
TXN0014825,45445,  CARD00418,MERC00070,PURCHASE,217.42,AUD,A,0
TXN0007642,20-06-2024,CARD00402,MERC00352,PURCHASE,45.03,INR,A,0
TXN0008964,29-01-2024,CARD00290,MERC00343,BALANCE TRANSFER,1150.76,EUR,A,0
TXN0012591,27-02-2024,CARD00285,MERC00269,PURCHASE,50.17,EUR,A,0
TXN0010452,45303,CARD00321,MERC00090,PURCHASE,324.21,INR,A,0
TXN0015334,14-04-2024,CARD00639,MERC00191,PURCHASE,63.25,GBP,A,0
TXN0014528,45409,CARD00123,MERC00393,ATM WITHDRAWAL,60.0,USD,A,0
TXN0012541,45316,CARD00037,MERC00075,PURCHASE,18.73,USD,A,0
TXN0015357,20-01-2024,CARD00034,MERC00281,PURCHASE,23.89,USD,A,0
TXN0004866,45311,CARD00610,MERC00367,PURCHASE,223.98,USD,A,1
TXN0002594,02-05-2024,CARD00040,MERC00247,PURCHASE,128.57,USD,A,0
TXN0007124,16-06-2024,CARD00299,MERC00081,PURCHASE,$48.33,CAD,A,0
TXN0007803,03-02-2024,CARD00266,MERC00218,PURCHASE,205.55,USD,A,0
TXN0010349,45434,CARD00411,MERC00212,PURCHASE,32.87,INR,A,0
TXN0012187,27-05-2024,CARD00689,MERC00082,PURCHASE,48.17,GBP,A,0
TXN0006844,29-06-2024,CARD00044,MERC00356,PURCHASE,60.41,AUD,A,0
TXN0006702,03-05-2024,CARD00630,MERC00111,BALANCE TRANSFER,333.08,EUR,A,0
TXN0010258,20-02-2024,CARD00657,MERC00330,PURCHASE,$22.30,INR,A,0
TXN0012930,14-02-2024,CARD00461,MERC00105,PURCHASE,161.36,EUR,A,0
TXN0015195,15-01-2024,CARD00081,MERC00378,ATM WITHDRAWAL,300.0,CAD,A,1
TXN0014109,08-03-2024,CARD00799,MERC00305,PURCHASE,17.98,AED,A,0
TXN0013062,11-04-2024,CARD00211,MERC00325,PURCHASE,16.97,CAD,A,0
TXN0010329,13-04-2024,CARD00726,MERC00069,PURCHASE,601.39,EUR,A,0
TXN0010523,09-02-2024,CARD00314,MERC00026,PURCHASE,52.97,GBP,A,0
TXN0015920,09-01-2024,CARD00427,MERC00392,ATM WITHDRAWAL,40.0,USD,A,0
TXN0012796,01-05-2024,CARD00480,MERC00080,PURCHASE,58.3,SGD,A,0
TXN0003151,09-01-2024,CARD00399,MERC00398,ATM WITHDRAWAL,200.0,USD,A,0
TXN0007820,30-06-2024,CARD00428,MERC00149,PURCHASE,442.77,INR,A,0
TXN0014856,04-01-2024,CARD00447,MERC00366,PURCHASE,25.48,EUR,A,0
TXN0008623,45311,CARD00561,MERC00129,PURCHASE,17.1,INR,A,0
TXN0008758,17-05-2024,CARD00629,MERC00057,PURCHASE,41.07,USD,A,1
TXN0013184,45445,CARD00301,MERC00373,ATM WITHDRAWAL,100.0,GBP,A,0
TXN0006128,31-03-2024,CARD00133,MERC00364,PURCHASE,39.17,JPY,A,0
TXN0014351,07-04-2024,CARD00678,MERC00176,PURCHASE,92.06,CAD,A,0
TXN0003337,30-04-2024,CARD00626,MERC00041,BALANCE TRANSFER,282.35,SGD,A,0
TXN0003887,28-05-2024,CARD00475,MERC00324,PURCHASE,197.7,USD,A,1
TXN0002892,19-01-2024,CARD00292,MERC8819,PURCHASE,62.16,GBP,A,0
TXN0010657,45305,CARD00152,MERC00326,PURCHASE,24.02,USD,D,0
TXN0012508,04-05-2024,CARD00363,MERC00258,PURCHASE,13.36,USD,A,0
TXN0014954,21-03-2024,  CARD00090,MERC00022,PURCHASE,23.63,GBP,D,0
TXN0014008,45416,CARD00748,MERC00125,BALANCE TRANSFER,1074.45,USD,D,0
TXN0010598,09-05-2024,CARD00322,MERC00097,PURCHASE,69.65,EUR,A,0
TXN0005691,19-01-2024,CARD00546,MERC00103,PURCHASE,77.71,EUR,A,0
TXN0002790,17-04-2024,CARD00299,MERC00165,PURCHASE,13.17,CAD,A,0
TXN0013516,45346,CARD00380,MERC00235,PURCHASE,42.05,MXN,A,0
TXN0010868,45472,CARD00567,MERC00148,PURCHASE,12.18,USD,A,0
TXN0000608,18-01-2024,CARD00776,MERC00180,PURCHASE,123.07,USD,A,0
TXN0011465,45391,CARD00449,MERC00126,PURCHASE,79.0,INR,A,0
TXN0001412,27-06-2024,CARD00198,MERC00180,PURCHASE,39.86,USD,A,0
TXN0001287,07-05-2024,CARD00194,MERC00232,PURCHASE,$15.76,USD,A,0
TXN0003121,06-02-2024,CARD00447,MERC00347,PURCHASE,22.16,EUR,A,0
TXN0009380,17-03-2024,CARD00631,MERC00383,ATM WITHDRAWAL,100.0,AUD,A,0
TXN0009330,45462,CARD00790,MERC00025,CASH ADVANCE,348.71,INR,A,1
TXN0011398,14-02-2024,CARD00096,MERC00395,ATM WITHDRAWAL,20.0,INR,A,0
TXN0013467,09-04-2024,  CARD00101,MERC00032,PURCHASE,1108.3,INR,A,0
TXN0003701,02-04-2024,CARD00467,MERC00061,PURCHASE,54.52,BRL,A,0
TXN0008428,14-05-2024,CARD00499,MERC00235,PURCHASE,44.21,MXN,A,0
TXN0011416,04-02-2024,CARD00145,MERC00295,BALANCE TRANSFER,836.89,JPY,A,0
TXN0003412,25-06-2024,CARD00553,MERC00259,PURCHASE,22.29,EUR,A,0
TXN0010876,11-02-2024,CARD00685,MERC00313,PURCHASE,65.46,BRL,A,0
TXN0005890,45314,CARD00773,MERC00360,PURCHASE,103.58,CAD,A,0
TXN0010463,24-05-2024,CARD00024,MERC00113,PURCHASE,340.7,AUD,A,0
TXN0000224,28-01-2024,CARD00405,MERC00139,PURCHASE,20.38,INR,A,0
TXN0008111,06-02-2024,CARD00437,MERC00311,PURCHASE,37.04,EUR,A,1
TXN0012028,03-04-2024,CARD00484,MERC00065,PURCHASE,233.97,INR,A,0
TXN0007246,06-03-2024,CARD00748,MERC00294,PURCHASE,66.91,USD,A,1
TXN0014934,20-03-2024,CARD00264,MERC00325,PURCHASE,81.86,CAD,A,0
TXN0006583,18-03-2024,CARD00498,MERC00143,PURCHASE,$28.12,USD,A,0
TXN0000759,19-02-2024,CARD00184,MERC00146,CASH ADVANCE,$303.27,EUR,A,0
TXN0015825,03-04-2024,CARD00611,MERC00261,PURCHASE,38.73,INR,A,0
TXN0004447,06-03-2024,CARD00176,MERC00156,PURCHASE,57.29,EUR,A,0
TXN0006985,23-05-2024,CARD00536,MERC00221,BALANCE TRANSFER,904.08,INR,A,1
TXN0004554,04-05-2024,CARD00257,MERC00028  ,PURCHASE,6.88,SGD,D,0
TXN0004556,07-04-2024,CARD00380,MERC00227,  PURCHASE,12.81,MXN,A,0
TXN0012660,45352,CARD00085,MERC00294,PURCHASE,74.99,INR,A,0
TXN0012925,02-04-2024,CARD00667,MERC00263,PURCHASE,60.52,BRL,A,0
TXN0009415,03-05-2024,CARD00187,MERC00042,PURCHASE,29.42,USD,A,0
TXN0013083,21-03-2024,CARD00194,MERC00075,PURCHASE,47.61,USD,A,0
TXN0002556,10-02-2024,CARD00278,MERC00208,PURCHASE,66.08,USD,A,1
TXN0003666,17-06-2024,CARD00608,MERC00314,PURCHASE,179.78,USD,A,1
TXN0014556,27-04-2024,CARD00209,MERC00082,PURCHASE,32.96,GBP,A,0
TXN0005388,02-03-2024,CARD00694,MERC00373,ATM WITHDRAWAL,60.0,GBP,A,0
TXN0015812,19-04-2024,CARD00571,MERC00298,PURCHASE,23.52,USD,D,0
TXN0001788,03-04-2024,CARD00695,MERC00368,PURCHASE,100.15,JPY,A,0
TXN0010615,45401,CARD00445,MERC00158,PURCHASE,741.67,EUR,A,0
TXN0012364,29-02-2024,CARD00296,MERC00379,ATM WITHDRAWAL,40.0,BRL,A,0
TXN0008890,45400,CARD00479,MERC00305,PURCHASE,143.75,AED,A,0
TXN0005994,24-04-2024,CARD00724,MERC00274,PURCHASE,54.87,INR,A,0
TXN0005343,45384,CARD00728,MERC00267,PURCHASE,14.99,MXN,A,0
TXN0004029,07-05-2024,CARD00690,MERC00240,PURCHASE,69.97,AUD,D,0
TXN0003124,26-03-2024,CARD00184,MERC00156,PURCHASE,133.41,EUR,A,0
TXN0010890,07-01-2024,CARD00048,MERC00163,PURCHASE,10.67,CAD,A,0
TXN0003053,31-01-2024,CARD00796,MERC00315,PURCHASE,78.91,CAD,A,0
TXN0000534,14-06-2024,CARD00013,MERC00239,PURCHASE,42.79,USD,A,0
TXN0008260,26-03-2024,CARD00800,MERC00011,PURCHASE,8.65,INR,A,0
TXN0001660,14-01-2024,CARD00124,MERC00323,PURCHASE,19.3,INR,A,0
TXN0009640,27-06-2024,CARD00707,MERC00148,PURCHASE,11.71,USD,A,0
TXN0012217,26-04-2024,CARD00251,MERC00125,PURCHASE,138.59,USD,A,0
TXN0001526,08-04-2024,CARD00639,MERC00380,ATM WITHDRAWAL,100.0,GBP,A,1
TXN0012843,30-06-2024,CARD00237,MERC00111,PURCHASE,46.6,EUR,A,0
TXN0005021,10-05-2024,CARD00562,MERC00258,PURCHASE,38.87,USD,A,0
TXN0008715,27-04-2024,CARD00271,MERC00187,PURCHASE,$127.11,AUD,A,0
TXN0014246,12-04-2024,CARD00377,MERC00374,ATM WITHDRAWAL,60.0,EUR,A,0
TXN0014971,12-05-2024,CARD00288,MERC00360,PURCHASE,12.92,CAD,A,0
TXN0004721,13-03-2024,CARD00619,MERC00320,PURCHASE,86.49,USD,A,0
TXN0005487,13-06-2024,CARD00590,MERC00097,PURCHASE,26.91,EUR,A,0
TXN0002999,24-01-2024,CARD00063,MERC00274,PURCHASE,269.71,INR,A,0
TXN0002928,09-04-2024,CARD00206,MERC00285,PURCHASE,$27.02,GBP,A,0
TXN0013427,15-02-2024,CARD00084,MERC00363,PURCHASE,24.25,AED,A,0
TXN0008347,15-01-2024,CARD00712,MERC00381,ATM WITHDRAWAL,60.0,USD,A,1
TXN0006531,08-04-2024,CARD00264,MERC00335,PURCHASE,126.7,CAD,A,0
TXN0006574,09-03-2024,CARD00665,MERC00324,PURCHASE,$112.61,EUR,A,0
TXN0006082,45309,CARD00545  ,MERC00343,BALANCE TRANSFER,1396.69,INR,A,1
TXN0004158,13-02-2024,CARD00187,MERC00098,PURCHASE,186.24,USD,A,0
TXN0005067,45337,CARD00563,MERC00070,PURCHASE,59.12,AUD,A,0
TXN0006093,02-04-2024,CARD00151,MERC00110,PURCHASE,47.25,EUR,A,0
TXN0006085,12-02-2024,CARD00472,MERC00351,PURCHASE,$75.13,JPY,A,0
TXN0009449,45402,CARD00621,MERC00244,PURCHASE,85.86,AUD,A,0
TXN0009735,17-03-2024,CARD00100,MERC00127,PURCHASE,15.44,GBP,A,0
TXN0010266,21-03-2024,CARD00526,MERC00128,CASH ADVANCE,512.14,MXN,A,1
TXN0009652,15-05-2024,CARD00535,MERC00284,PURCHASE,15.03,USD,A,0
TXN0006942,03-04-2024,CARD00746,MERC00283, PURCHASE ,33.71,SGD,A,0
TXN0007897,28-01-2024,CARD00460,MERC00308,BALANCE TRANSFER,1194.9,USD,A,0
TXN0008065,17-03-2024,CARD00413,MERC00289,PURCHASE,281.11,GBP,A,1
TXN0012783,25-05-2024,  CARD00167,MERC00056,PURCHASE,56.17,MXN,A,0
TXN0014701,45358,CARD00371,MERC00087,PURCHASE,16.4,USD,A,0
TXN0002039,17-06-2024,CARD00695,MERC00370,PURCHASE,133.51,JPY,A,0
TXN0003410,29-05-2024,CARD00644,MERC00128,PURCHASE,308.72,GBP,A,0
TXN0001495,14-06-2024,CARD00538,MERC00030,PURCHASE,49.65,USD,A,0
TXN0004765,18-05-2024,CARD00258,MERC00228,PURCHASE,405.42,EUR,A,1
TXN0000091,45455,CARD00185,MERC00105,PURCHASE,37.64,EUR,A,0
TXN0011135,27-04-2024,CARD00026,MERC00045,PURCHASE,49.07,USD,A,0
TXN0000273,21-03-2024,CARD00093,MERC00056,PURCHASE,127.51,MXN,A,0
TXN0003711,11-01-2024,CARD00138,MERC00018  ,PURCHASE,$15.20,USD,D,0
TXN0008369,19-05-2024,CARD00018,MERC00339,PURCHASE,35.39,EUR,A,0
TXN0006920,45390,CARD00635,MERC00030,PURCHASE,93.38,USD,A,0
TXN0006694,16-01-2024,CARD00580,MERC00308,PURCHASE,$42.89,USD,A,0
TXN0004585,18-02-2024,CARD00684,MERC00103,PURCHASE,55.17,EUR,D,0
TXN0003397,11-02-2024,CARD00472,MERC00168,PURCHASE,108.95,JPY,A,0
TXN0008627,06-02-2024,CARD00038,MERC00252,PURCHASE,19.91,USD,A,0
TXN0006115,31-05-2024,CARD00414,MERC00227,PURCHASE,24.85,USD,A,1
TXN0000866,02-01-2024,CARD00434,MERC00352,PURCHASE,158.67,INR,A,0
TXN0008987,23-04-2024,CARD00513,MERC00188,PURCHASE,6.6,USD,A,0
TXN0015563,28-05-2024,CARD00115,MERC00114,PURCHASE,8.9,MXN,A,0
TXN0001469,45362,CARD00313,MERC00047,PURCHASE,92.61,CAD,A,0
TXN0001010,04-01-2024,CARD00544,MERC00281,PURCHASE,140.07,USD,A,0
TXN0011467,18-06-2024,CARD00042  ,MERC00059,PURCHASE,30.31,USD,A,0
TXN0000544,30-05-2024,CARD00135,MERC00025,PURCHASE,19.8,INR,A,1
TXN0002687,01-06-2024,CARD00262,MERC00196,PURCHASE  ,9.66,EUR,A,0
TXN0007305,03-02-2024,CARD00690,MERC00164,PURCHASE,12.26,AUD,D,0
TXN0000991,18-01-2024,CARD00688,MERC00388,ATM WITHDRAWAL,100.0,INR,A,0
TXN0007735,16-05-2024,CARD00115,MERC00390,ATM WITHDRAWAL,20.0,MXN,A,0
TXN0014686,03-03-2024,CARD00223,MERC00371,ATM WITHDRAWAL,40.0,BRL,A,0
TXN0010792,02-01-2024,CARD00715,MERC00114,CASH ADVANCE,229.79,MXN,A,0
TXN0003510,01-05-2024,CARD00580,MERC00288,PURCHASE,20.38,USD,A,0
TXN0004798,14-05-2024,CARD00760,MERC00255,PURCHASE,22.23,INR,A,1
TXN0003487,09-01-2024,CARD00302,  MERC00324,PURCHASE,20.03,EUR,A,0
TXN0004107,10-05-2024,  CARD00568,MERC00209,PURCHASE,21.17,USD,A,0
TXN0001068,04-03-2024,CARD00419,MERC00400,ATM WITHDRAWAL,$500.00,BRL,A,0
TXN0015048,15-01-2024,CARD00036,MERC00385,ATM WITHDRAWAL,200.0,GBP,A,0
TXN0006543,02-02-2024,CARD00657,MERC00036,PURCHASE,48.3,INR,A,0
TXN0000677,45352,CARD00251,MERC00094,PURCHASE,19.31,USD,A,0
TXN0012915,45300,CARD00497,MERC00094,PURCHASE,62.67,USD,A,0
TXN0010336,03-06-2024,CARD00216,MERC00376,ATM WITHDRAWAL,150.0,AED,A,1
TXN0009518,25-04-2024,CARD00019,MERC00272,PURCHASE,57.47,GBP,A,0
TXN0011408,12-05-2024,CARD00614,MERC00012,PURCHASE,580.84,SGD,A,0
TXN0010420,45353,CARD00311,MERC00219,PURCHASE,65.87,USD,A,0
TXN0002466,01-05-2024,CARD00641,MERC00081,PURCHASE,249.49,CAD,A,0
TXN0006557,09-01-2024,CARD00674,MERC00049,PURCHASE,169.85,EUR,A,0
TXN0008296,07-05-2024,CARD00595,MERC00329,PURCHASE,44.82,INR,A,0
TXN0011456,30-01-2024,CARD00210,MERC00156,PURCHASE,59.9,EUR,A,0
TXN0008599,10-02-2024,CARD00300,MERC00115,PURCHASE,129.63,INR,A,0
TXN0004093,03-04-2024,CARD00082,MERC00033,PURCHASE,40.75,MXN,A,0
TXN0001244,19-02-2024,CARD00255,MERC00311,PURCHASE,490.28,AUD,A,0
TXN0004276  ,15-06-2024,CARD00013,MERC00125,PURCHASE,57.52,USD,A,0
TXN0014929,01-04-2024,CARD00373,MERC00313,BALANCE TRANSFER,841.31,BRL,A,0
TXN0004989,15-01-2024,CARD00046,MERC00104,PURCHASE,147.45,EUR,A,0
TXN0012479,07-03-2024,CARD00499,MERC00267,PURCHASE,48.07,MXN,A,0
TXN0005004,12-03-2024,CARD00196,MERC00218,PURCHASE,81.21,USD,A,0
TXN0009822,04-02-2024,CARD00253,MERC00182,PURCHASE,232.71,AUD,A,1
TXN0001227,06-04-2024,CARD00109,MERC00353,PURCHASE,30.65,AUD,D,0
TXN0015518,05-04-2024,CARD00590,MERC00343,PURCHASE,31.34,EUR,A,0
TXN0014381,11-03-2024,CARD00005,MERC00269,PURCHASE,75.21,EUR,A,0
TXN0011145,01-04-2024,CARD00706,MERC00274,PURCHASE,58.66,INR,A,0
TXN0012431,45292,CARD00616,MERC00038,PURCHASE,41.08,GBP,A,1
TXN0012329,45386,CARD00437,MERC00291,PURCHASE,36.24,EUR,D,0
TXN0007787,28-06-2024,CARD00215,MERC00393,ATM WITHDRAWAL,40.0,CAD,A,1
TXN0006919,12-06-2024,CARD00788,MERC00291,BALANCE TRANSFER,742.35,EUR,A,0
  TXN0012837,05-01-2024,CARD00660,MERC00261,PURCHASE,119.38,INR,A,0
TXN0005008,07-05-2024,CARD00602,MERC00018,CASH ADVANCE,139.74,USD,A,0
TXN0011686,31-03-2024,CARD00066,MERC00037,  CASH ADVANCE,181.5,CAD,A,0
TXN0008475,14-01-2024,CARD00363,MERC00274,PURCHASE,14.71,USD,A,1
TXN0008668,45332,CARD00379,MERC00319,PURCHASE,263.47,USD,A,0
TXN0011706,17-04-2024,CARD00032,MERC00138,PURCHASE,$105.33,SGD,A,0
TXN0000533,45339,CARD00655,MERC00110,PURCHASE,$164.33,EUR,A,0
TXN0007929,45426,CARD00701,MERC00222,PURCHASE,4.99,EUR,A,0
TXN0013087,28-03-2024,CARD00317,MERC00321,PURCHASE,149.47,AED,D,0
TXN0013601,08-06-2024,CARD00509,MERC00188,PURCHASE,22.69,USD,D,0
TXN0004436,16-01-2024,CARD00739,MERC00204,PURCHASE,55.7,AUD,A,0
TXN0013106,27-06-2024,CARD00371,MERC00239,PURCHASE,68.44,USD,A,0
TXN0005278,45426,CARD00470,MERC00045,PURCHASE,43.62,USD,A,0
TXN0003806,14-03-2024,CARD00175,MERC00290,PURCHASE,34.02,INR,A,0
TXN0010362,45343,CARD00093,MERC00027,PURCHASE,58.94,MXN,A,0
TXN0005916,03-05-2024,CARD00746,MERC00028,PURCHASE,$47.54,SGD,A,0
TXN0012218,25-04-2024,CARD00437,MERC00122,PURCHASE,$51.28,EUR,D,0
TXN0001653,45415,CARD00525,MERC00392,ATM WITHDRAWAL,100.0,EUR,A,1
TXN0008229,11-04-2024,CARD00114,MERC00056,PURCHASE,8.43,MXN,A,0
TXN0008148,28-01-2024,CARD00252,MERC00110,PURCHASE,13.87,EUR,A,0
TXN0011676,30-01-2024,CARD00478,MERC00380,ATM WITHDRAWAL,100.0,JPY,A,0
TXN0002434,14-04-2024,CARD00059,MERC00391,ATM WITHDRAWAL,60.0,USD,A,0
TXN0004621,29-06-2024,CARD00743,MERC00021,PURCHASE,46.76,BRL,A,0
TXN0004421,24-01-2024,CARD00715,MERC00078,PURCHASE,70.8,MXN,A,1
  TXN0006817,20-03-2024,CARD00474,MERC00152,BALANCE TRANSFER,1054.0,INR,A,0
TXN0006901,29-03-2024,CARD00115,MERC00056,PURCHASE,31.42,MXN,A,0
TXN0003751,10-03-2024,CARD00710,MERC00342,PURCHASE,21.65,CAD,A,0
TXN0014894,29-05-2024,CARD00393,MERC00166,PURCHASE,34.37,BRL,A,0
TXN0014117,30-01-2024,CARD00169,MERC00084,PURCHASE,31.28,MXN,A,0
TXN0014917,30-05-2024,CARD00339,MERC00316,PURCHASE,16.35,AUD,A,0
TXN0011237,08-06-2024,CARD00578,MERC00177,PURCHASE,19.75,SGD,A,0
TXN0008402,01-05-2024,CARD00574,MERC00146,PURCHASE,1038.4,EUR,A,0
TXN0012184,45471,CARD00739,MERC00179,PURCHASE,86.18,AUD,A,0
TXN0005876,25-06-2024,CARD00223,MERC00166,PURCHASE,47.09,BRL,A,0
TXN0013089,31-05-2024,CARD00319,MERC00074,PURCHASE,88.55,AUD,A,0
TXN0013578,27-06-2024,CARD00427,MERC00265,PURCHASE,34.46,USD,A,0
TXN0001279,16-03-2024,CARD00068,MERC00261,PURCHASE,412.75,USD,A,1
TXN0003198,45465,CARD00062,MERC00227,PURCHASE,113.84,JPY,A,1
TXN0012950,07-03-2024,CARD00678,MERC00383,ATM WITHDRAWAL,300.0,CAD,A,1
TXN0003894,09-03-2024,CARD00017,MERC00339,PURCHASE,270.92,INR,A,1
TXN0014217,18-06-2024,CARD00656,MERC00158, PURCHASE ,19.24,EUR,A,0
TXN0010908,28-02-2024,CARD00148,MERC00122,PURCHASE,41.37,EUR,A,0
TXN0002815  ,22-04-2024,CARD00479,MERC00221,PURCHASE,243.71,AED,A,0
TXN0014901,06-06-2024,CARD00032,MERC00080,PURCHASE,48.02,SGD,A,0
TXN0010299,14-03-2024,CARD00252,MERC00146,PURCHASE,53.95,EUR,A,0
TXN0010860,45416,CARD00498,MERC00094  ,PURCHASE,11.63,USD,A,0
TXN0001316,08-04-2024,CARD00099,MERC00094,PURCHASE,360.98,USD,A,0
TXN0012962,15-06-2024,CARD00245,MERC00175,PURCHASE,206.56,USD,A,0
TXN0013070,31-01-2024,CARD00632,MERC00210,PURCHASE,31.06,CAD,A,0
TXN0009791,02-04-2024,CARD00608,MERC00123,PURCHASE,497.01,USD,A,0
TXN0015017,03-02-2024,CARD00168,MERC00330,PURCHASE,72.08,INR,A,0
TXN0010795,22-05-2024,CARD00440,MERC00369,PURCHASE,19.31,INR,A,0
TXN0013058,27-04-2024,CARD00455,MERC00392,ATM WITHDRAWAL,200.0,AED,A,1
TXN0001040,11-01-2024,CARD00581,MERC00144,PURCHASE,34.03,USD,A,0
TXN0015815,16-05-2024,CARD00249,MERC00122,PURCHASE,206.81,EUR,A,0
TXN0009912,14-02-2024,CARD00673,MERC00289,PURCHASE,58.51,BRL,A,0
TXN0008302,13-03-2024,CARD00263,MERC00352,PURCHASE,$16.84,INR,A,0
TXN0005231,10-01-2024,CARD00564,MERC00200,PURCHASE,54.28,USD,A,0
TXN0014303,07-01-2024,CARD00704,MERC00187,PURCHASE,17.18,AUD,A,0
TXN0007193,45363,CARD00133,MERC00109,PURCHASE,15.86,JPY,A,0
TXN0014370,15-03-2024,CARD00265,MERC00353,PURCHASE,278.71,AUD,A,0
TXN0010881,04-06-2024,CARD00116,MERC00225  ,PURCHASE  ,850.72,USD,A,0
TXN0001042,27-05-2024,CARD00073,MERC00241,PURCHASE,120.13,BRL,A,0
TXN0000680,28-06-2024,CARD00233,MERC00195,PURCHASE,59.92,INR,A,0
TXN0012464,12-04-2024,CARD00153,MERC00015,PURCHASE,81.37,USD,A,0
TXN0008221,45341,CARD00654,MERC00174,CASH ADVANCE,156.65,USD,A,0
TXN0005872,16-02-2024,CARD00006  ,MERC00209,PURCHASE,14.27,USD,A,0
TXN0010224,27-01-2024,CARD00063,MERC00147,PURCHASE,145.21,INR,A,1
TXN0008423,14-02-2024,CARD00161,MERC00204,PURCHASE,18.68,AUD,A,0
TXN0010864,15-03-2024,CARD00776,MERC00303,PURCHASE,60.11,USD,A,0
TXN0003039,45437,CARD00315,MERC00399,ATM WITHDRAWAL,40.0,AUD,A,0
TXN0010024,45325,CARD00490  ,MERC00245,PURCHASE,71.0,AED,A,0
TXN0008524,11-05-2024,CARD00239,MERC00290,PURCHASE,260.0,INR,A,0
TXN0003452,09-06-2024,CARD00257,MERC00388,ATM WITHDRAWAL,100.0,SGD,A,1
TXN0008110,09-01-2024,CARD00297,MERC00212,PURCHASE,$95.88,INR,A,0
TXN0006801,02-04-2024,CARD00052,MERC00280,PURCHASE,$64.15,BRL,A,0
TXN0010859,20-04-2024,CARD00014,MERC00315,PURCHASE,39.04,CAD,A,0
TXN0007848,14-02-2024,CARD00721,MERC00029,PURCHASE,179.63,USD,A,0
TXN0014144,18-02-2024,CARD00258,MERC00324,CASH ADVANCE,199.22,EUR,A,0
TXN0001088,12-05-2024,CARD00198,MERC00013,PURCHASE  ,64.22,USD,A,0
TXN0001107,21-05-2024,CARD00078,MERC00028,PURCHASE,95.93,SGD,A,0
TXN0015277,26-05-2024,CARD00459,MERC00320 ,PURCHASE,$34.77,USD,A,0
TXN0015056,45302,CARD00635,MERC00201,PURCHASE,46.17,USD,A,0
TXN0009046,25-06-2024,CARD00722,MERC00334,BALANCE TRANSFER,2173.76,AUD,A,0
TXN0006976,30-05-2024,CARD00148,MERC00103,PURCHASE,299.45,EUR,A,0
TXN0013551,26-01-2024,CARD00456,MERC00383,ATM WITHDRAWAL,300.0,AUD,A,0
TXN0012182,08-01-2024,CARD00361,MERC00291,PURCHASE,35.33,EUR,A,0
TXN0007672,01-02-2024,CARD00287,MERC00225,PURCHASE,32.13,USD,A,0
TXN0015210,06-01-2024,CARD00112,MERC00305,PURCHASE,17.68,AED,A,0
TXN0011970,04-04-2024,CARD00255,MERC00123,PURCHASE,1081.27,AUD,A,1
TXN0010430,14-01-2024,CARD00010,MERC00234,PURCHASE,53.07,GBP,A,0
TXN0001032,04-02-2024,CARD00240,MERC00200,PURCHASE,50.42,USD,A,0
TXN0005265,02-06-2024,CARD00651,MERC00134,PURCHASE,88.57,INR,A,0
TXN0014596,06-04-2024,CARD00614,MERC00080,PURCHASE,62.28,SGD,A,0
TXN0014899,28-06-2024,CARD00733,MERC00164,PURCHASE,162.27,AUD,A,0
TXN0005342,25-03-2024,CARD00153,MERC00042,PURCHASE,131.11,USD,A,0
TXN0003514,02-06-2024,CARD00279,MERC00237,PURCHASE,90.47,SGD,A,0
TXN0012724,13-01-2024,CARD00619,MERC00319,PURCHASE,307.1,USD,A,0
TXN0012550,24-06-2024,CARD00519,MERC00367,PURCHASE,39.81,INR,A,1
TXN0006038,04-05-2024,CARD00434,MERC00112,PURCHASE,165.06,INR,A,0
TXN0007022,31-03-2024,CARD00064,MERC00205,BALANCE TRANSFER,1062.47,INR,A,0
TXN0009897,13-01-2024,CARD00716,MERC00056,PURCHASE,16.05,MXN,A,0
TXN0000058,06-05-2024,CARD00378,MERC00393,ATM WITHDRAWAL,20.0,AED,A,1
TXN0015968,11-04-2024,CARD00065,MERC00196,PURCHASE,63.46,EUR,A,0
TXN0008661,31-03-2024,CARD00423,MERC00324,PURCHASE,283.43,EUR,A,0
TXN0006032,19-01-2024,CARD00609,MERC00303,PURCHASE,69.56,USD,A,0
TXN0003308,17-02-2024,CARD00160,MERC00257,PURCHASE,59.0,USD,A,1
TXN0008136,24-06-2024,CARD00535,MERC00184,PURCHASE,90.91,USD,A,0
TXN0008926,07-03-2024,CARD00412,MERC00022,PURCHASE,45.99,GBP,A,0
TXN0007271,18-06-2024,CARD00498,MERC00308,PURCHASE,153.25,USD,A,0
TXN0002015,07-01-2024,CARD00349,MERC00296,PURCHASE,119.15,BRL,A,0
TXN0003133,10-05-2024,CARD00596,MERC00094,PURCHASE,10.92,AUD,A,1
TXN0002588,17-06-2024,CARD00430,MERC00271,PURCHASE,24.6,BRL,A,0
TXN0013297,30-04-2024,CARD00542  ,MERC00122,PURCHASE,42.23,EUR,A,0
TXN0004432,15-01-2024,CARD00201,MERC00278,PURCHASE,154.46,GBP,A,1
TXN0004547,17-01-2024,CARD00179,MERC00144,PURCHASE,20.63,BRL,A,1
TXN0010964,09-06-2024,CARD00731,MERC00396,ATM WITHDRAWAL,200.0,EUR,A,0
TXN0003049,31-05-2024,CARD00132,MERC00330,PURCHASE,$105.27,INR,A,0
TXN0014694,45460,CARD00301,MERC00185,PURCHASE,75.94,GBP,A,0
TXN0002338,01-03-2024,CARD00108,MERC00317,PURCHASE,12.92,USD,A,0
TXN0011440,02-03-2024,CARD00652,MERC00311,BALANCE TRANSFER,271.32,AUD,D,0
TXN0005677,13-05-2024,CARD00263,MERC00145,PURCHASE,33.59,INR,A,0
TXN0004440,45396,CARD00267,MERC00400,ATM WITHDRAWAL,60.0,BRL,A,0
TXN0003984,45426,CARD00201,MERC00009,BALANCE TRANSFER,1675.07,GBP,A,0
TXN0004894,01-06-2024,CARD00517,MERC00003,PURCHASE,74.09,GBP,A,0
TXN0003260,09-06-2024,CARD00714,MERC00340,PURCHASE,13.41,USD,A,1
TXN0003720,23-02-2024,CARD00270  ,MERC00396,ATM WITHDRAWAL,300.0,SGD,A,1
TXN0015100,09-06-2024,CARD00770,MERC00014,PURCHASE,23.84,USD,A,0
TXN0001930,45382,CARD00355,MERC00252,BALANCE TRANSFER,778.81,USD,A,0
TXN0012954,29-01-2024,CARD00412,MERC00178,PURCHASE,92.12,GBP,A,0
TXN0004905,21-06-2024,CARD00180,MERC00175,PURCHASE,22.27,USD,A,0
TXN0000797,03-06-2024,  CARD00272,MERC00134,PURCHASE,27.55,INR,A,0
TXN0010111,16-06-2024,CARD00247  ,MERC00351,BALANCE TRANSFER,2324.82,JPY,A,0
TXN0003317,24-04-2024,CARD00212,MERC00287,PURCHASE,34.61,AUD,A,0
TXN0011052,16-03-2024,CARD00715,MERC00275,PURCHASE,479.42,MXN,A,0
TXN0005585,14-02-2024,CARD00531,MERC00016,PURCHASE,$47.99,BRL,A,0
TXN0013147,24-05-2024,CARD00336,MERC00349,PURCHASE,$44.39,USD,A,0
TXN0003224,17-05-2024,CARD00648,MERC00349,  PURCHASE,85.61,USD,A,0
TXN0000761,02-02-2024,CARD00692,MERC00275,PURCHASE,9.78,MXN,A,0
TXN0007843,24-06-2024,CARD00775,MERC00040,PURCHASE,97.42,CAD,A,1
TXN0009346,26-02-2024,CARD00243,MERC00327,PURCHASE,42.89,EUR,A,0
TXN0012858,27-06-2024,CARD00172  ,MERC00361,PURCHASE,43.07,INR,A,0
TXN0009946,05-06-2024,CARD00315,MERC00164,PURCHASE,9.16,AUD,A,0
TXN0001353,18-03-2024,CARD00058,MERC00289,PURCHASE,10.31,BRL,A,0
TXN0006224,21-04-2024,CARD00334,MERC00262,PURCHASE,28.84,AED,A,0
TXN0005680,06-03-2024,CARD00708 ,MERC00207,PURCHASE,14.94,GBP,A,0
TXN0013251,01-01-2024,CARD00329,MERC00346,PURCHASE,71.59,MXN,A,0
TXN0005432,04-02-2024,CARD00389,MERC00171,PURCHASE,115.77,USD,A,0
TXN0010931,23-05-2024,CARD00218,MERC00356,PURCHASE,34.16,AUD,A,0
TXN0012116,01-06-2024,  CARD00072,MERC00148,PURCHASE,215.71,USD,A,0
TXN0012448,03-04-2024,CARD00720,MERC00302,  PURCHASE,158.46,INR,A,0
TXN0009911,24-03-2024,CARD00032,MERC00283,PURCHASE,123.85,SGD,A,0
TXN0000151,29-01-2024,CARD00566,MERC00077,BALANCE TRANSFER,669.29,JPY,A,0
TXN0001539,14-03-2024,CARD00519,MERC00323,BALANCE TRANSFER,1026.16,INR,A,0
TXN0000037,26-03-2024,CARD00344,MERC00257,PURCHASE,182.31,INR,A,0
TXN0003907,24-06-2024,CARD00045,MERC00076,PURCHASE,32.95,INR,A,0
TXN0006059,06-02-2024,CARD00162,MERC00200,PURCHASE,102.45,INR,A,1
TXN0002703,45356,CARD00176,MERC00146,PURCHASE,21.12,EUR,A,0
TXN0002970,45300,CARD00706,MERC00054,PURCHASE,131.86,INR,A,0
TXN0012816,29-05-2024,CARD00524,MERC00166,PURCHASE,98.97,BRL,A,0
TXN0015640,25-06-2024,CARD00748,MERC00262,PURCHASE,30.2,USD,A,1
TXN0013591,18-06-2024,CARD00521,MERC00366,PURCHASE,112.98,EUR,A,0
TXN0014724,10-05-2024,CARD00228,MERC00347  ,CASH ADVANCE,1076.35,EUR,A,0
TXN0011950,21-05-2024,CARD00074,MERC00170,PURCHASE,69.56,SGD,A,0
TXN0001581,20-05-2024,CARD00199,MERC00202,PURCHASE,48.16,USD,A,0
TXN0011427,45293,CARD00068,MERC00206,CASH ADVANCE,459.42,USD,A,0
TXN0009308,25-05-2024,CARD00298,MERC00399,ATM WITHDRAWAL,60.0,AUD,A,0
TXN0001351,18-01-2024,CARD00498,MERC00025,PURCHASE,74.09,USD,A,0
TXN0002781,45344,CARD00302,MERC00103,PURCHASE,36.87,EUR,A,0
TXN0008725,23-03-2024,CARD00455,MERC00116,PURCHASE,27.5,AED,A,1
TXN0008857,12-06-2024,CARD00231,MERC00336,PURCHASE,831.04,BRL,A,0
TXN0014801,10-03-2024,CARD00356,MERC00335,BALANCE TRANSFER,702.92,USD,A,1
TXN0014842,16-06-2024,CARD00753,MERC00258,PURCHASE,47.25,USD,A,0
TXN0003046,26-04-2024,CARD00357,MERC00160,PURCHASE,37.07,CAD,A,1
TXN0008716,19-03-2024,CARD00492,MERC00296,PURCHASE,443.09,BRL,A,0
TXN0004595,04-06-2024,CARD00588,MERC00252,PURCHASE,109.42,USD,A,0
TXN0013994,29-01-2024,CARD00623,  MERC00262,PURCHASE,13.26,AED,A,0
TXN0009178,22-01-2024,CARD00157,MERC00302,PURCHASE,114.17,INR,A,0
TXN0002880,13-06-2024,CARD00110,MERC00007,PURCHASE,88.65,AUD,A,0
TXN0010364,23-01-2024,CARD00650,MERC00042,PURCHASE,160.6,USD,A,0
TXN0011063,26-05-2024,CARD00399,MERC00098,PURCHASE,$22.32,USD,A,0
TXN0000262,45322,CARD00474,MERC00036,PURCHASE,177.43,INR,A,0
TXN0006371,30-04-2024,CARD00018,MERC00396,ATM WITHDRAWAL,20.0,EUR,A,0
TXN0006232,10-04-2024,CARD00594,MERC00165,PURCHASE,116.18,CAD,A,0
TXN0006445,05-02-2024,CARD00463,MERC00384,ATM WITHDRAWAL,200.0,EUR,A,1
TXN0004088,13-04-2024,CARD00298,MERC00287,PURCHASE,23.88,AUD,A,0
TXN0005351,28-04-2024,CARD00544,MERC8887,PURCHASE,33.25,USD,A,0
TXN0013100,30-03-2024,CARD00193,MERC00028,PURCHASE,17.13,SGD,A,0
TXN0000470,16-01-2024,CARD00140,MERC00259,CASH ADVANCE,123.6,JPY,A,1
TXN0011224,12-03-2024,CARD00457,MERC00230,PURCHASE,21.28,AUD,A,0
TXN0003400,09-04-2024,CARD00222,MERC00193,PURCHASE,32.03,GBP,A,0
TXN0003342,22-01-2024,CARD00680,MERC00271,PURCHASE,58.63,BRL,A,0
TXN0002590,25-01-2024,CARD00723,MERC00109,PURCHASE,9.11,JPY,A,0
TXN0011365,22-01-2024,CARD00100,MERC00060,PURCHASE,103.42,GBP,A,0
TXN0008445,24-05-2024,CARD00059,MERC00300,PURCHASE,55.5,USD,A,1
TXN0014401,11-03-2024,CARD00740,MERC00321,BALANCE TRANSFER,677.4,USD,A,1
  TXN0007910,19-04-2024,CARD00238,MERC00204,PURCHASE,54.17,AUD,A,0
TXN0004428,11-01-2024,CARD00650,MERC00298,PURCHASE,20.68,USD,A,0
TXN0009625,29-01-2024,CARD00099,MERC00147,PURCHASE,1088.11,USD,A,0
TXN0008924,21-01-2024,CARD00038, MERC00201 ,PURCHASE,$21.35,USD,A,0
  TXN0007312,30-06-2024,CARD00779,MERC00152,PURCHASE,53.28,INR,A,0
TXN0005407,01-03-2024,CARD00685,MERC00136,PURCHASE,10.06,BRL,A,0
TXN0015110,45421, CARD00033 ,MERC00153,BALANCE TRANSFER,611.07,USD,A,0
TXN0010934,15-05-2024,CARD00699,MERC00094,PURCHASE,46.34,USD,A,0
TXN0014651,19-05-2024,CARD00475,MERC00166,PURCHASE,64.99,USD,A,1
TXN0010242,45421,CARD00706,MERC00323,PURCHASE,67.76,INR,A,0
TXN0002983,45452,CARD00675,MERC00321,PURCHASE,376.68,AED,A,0
TXN0015085,09-01-2024,CARD00553,MERC00269,PURCHASE,27.74,EUR,A,0
TXN0014000,09-06-2024,CARD00635,MERC00393,ATM WITHDRAWAL,20.0,USD,A,0
TXN0000379,13-04-2024,CARD00243,MERC00017,PURCHASE,$53.85,EUR,A,0
TXN0015428,06-02-2024,CARD00555,MERC00390,ATM WITHDRAWAL,100.0,MXN,A,0
TXN0003874,11-01-2024,CARD00701,MERC00304,PURCHASE,105.74,EUR,A,0
TXN0012717,22-03-2024,CARD00069,MERC00378,ATM WITHDRAWAL,60.0,AED,A,1
TXN0006373,31-01-2024,CARD00547,MERC00192,PURCHASE,72.63,MXN,A,0
TXN0003612,05-03-2024,CARD00100,MERC00292,PURCHASE,40.59,GBP,A,0
TXN0012840,18-05-2024,CARD00768,MERC00230,PURCHASE,61.21,AUD,A,0
TXN0009651,24-05-2024,CARD00741,MERC00195,PURCHASE,$47.26,INR,A,0
TXN0011095,02-06-2024,CARD00710,MERC00266,PURCHASE,119.15,CAD,A,0
TXN0014184,07-01-2024,CARD00029,MERC00239,PURCHASE,27.83,USD,A,0
TXN0002107,23-06-2024,CARD00786,MERC00243,PURCHASE,$10.86,MXN,A,0
TXN0007506,25-05-2024,CARD00749,MERC00189,PURCHASE,117.55,GBP,A,0
TXN0007621,21-04-2024,CARD00396,MERC00369,PURCHASE,124.64,INR,A,0
TXN0014843,13-04-2024,CARD00027,MERC00363,PURCHASE,110.76,AED,A,0
TXN0015372,45303,CARD00326,MERC00205,PURCHASE,$97.01,INR,A,0
TXN0004333,03-02-2024,CARD00226,MERC00015, PURCHASE ,56.01,USD,A,0
TXN0005140,01-03-2024,CARD00406,MERC00244,BALANCE TRANSFER,2410.75,AUD,A,0
TXN0010351,29-05-2024,CARD00605,MERC00089,PURCHASE,43.91,AED,A,0
TXN0009495,27-05-2024,CARD00667,MERC00161,PURCHASE,18.98,BRL,A,1
TXN0012690,07-04-2024,CARD00690,MERC00230,PURCHASE,16.95,AUD,A,0
TXN0002235,13-04-2024,CARD00574,MERC00159,PURCHASE,497.26,EUR,A,1
TXN0006724,02-01-2024,CARD00079,MERC00110,PURCHASE,19.3,EUR,A,0
TXN0008382,01-01-2024,CARD00625,MERC00143  ,PURCHASE,$33.94,USD,A,0
TXN0007602,04-03-2024,CARD00569,MERC00033,BALANCE TRANSFER,773.37,MXN,A,0
TXN0008484,14-05-2024,CARD00247,MERC00380,ATM WITHDRAWAL,60.0,JPY,D,0
TXN0005137,45395,CARD00684,MERC00223,PURCHASE,58.81,EUR,A,0
TXN0006548,45330,CARD00296,MERC00219,PURCHASE,36.92,BRL,A,1
TXN0009430,45400,CARD00640,MERC00120,BALANCE TRANSFER,902.77,JPY,A,0
TXN0013025,21-05-2024,CARD00352,MERC00287,PURCHASE,25.14,AUD,A,0
TXN0015381,13-05-2024,CARD00092,MERC00366,PURCHASE,45.0,EUR,A,0
TXN0009508,28-03-2024,CARD00487,MERC00290,PURCHASE,34.94,INR,A,0
TXN0015198,26-06-2024,CARD00256,MERC00381,ATM WITHDRAWAL,20.0,JPY,A,0
TXN0011812,20-06-2024,CARD00171,MERC00295  ,PURCHASE,61.44,JPY,A,0
TXN0007995,01-01-2024,CARD00252,MERC00198,PURCHASE,75.14,EUR,A,0
TXN0001661,02-06-2024,CARD00218,MERC00399,ATM WITHDRAWAL,40.0,AUD,A,0
TXN0000387,22-03-2024,CARD00496,MERC00034,PURCHASE,16.84,CAD,A,0
TXN0004459,45458,CARD00392,MERC00189,PURCHASE,153.42,GBP,A,0
TXN0014082,06-06-2024,CARD00530,MERC00003,PURCHASE,18.49,GBP,A,0
TXN0002750,23-02-2024,CARD00523,MERC00311,PURCHASE,76.39,EUR,A,1
TXN0006335,26-01-2024,CARD00549,MERC00091,PURCHASE,12.47,JPY,A,0
TXN0009739,10-02-2024,CARD00775,MERC00328,PURCHASE,$28.75,CAD,A,0
TXN0015421,14-01-2024,CARD00381  ,MERC00349,PURCHASE,33.35,USD,A,0
TXN0013753,25-06-2024,CARD00112,MERC00305,PURCHASE,19.73,AED,A,0
TXN0011735,10-05-2024,CARD00800,MERC00282,PURCHASE,8.16,INR,A,0
TXN0001589,20-02-2024,CARD00516,MERC00371,ATM WITHDRAWAL,40.0,BRL,A,0
TXN0002638,17-04-2024,CARD00250,MERC00044,PURCHASE,26.38,MXN,A,0
TXN0012524,20-01-2024,CARD00013,MERC00098,PURCHASE,18.51,USD,A,0
TXN0004494,20-05-2024,CARD00761,MERC00087,PURCHASE,32.41,USD,A,0
TXN0004147,45406,  CARD00304,MERC00379,ATM WITHDRAWAL,20.0,BRL,A,0
TXN0006624,13-01-2024,CARD00544,MERC00219,PURCHASE,$136.12,USD,A,0
TXN0013746,09-06-2024,CARD00036,MERC00082,PURCHASE,37.26,GBP,A,0
TXN0013649,08-01-2024,CARD00648,MERC00144,PURCHASE,64.71,USD,A,0
TXN0000597,45376,CARD00696,MERC00376,ATM WITHDRAWAL,300.0,INR,A,0
TXN0000738,18-06-2024,CARD00378,MERC00214,PURCHASE,58.65,AED,A,0
TXN0008355,17-04-2024,CARD00661,MERC00319,PURCHASE,56.81,USD,A,0
TXN0015120,02-01-2024,CARD00648,MERC00079,PURCHASE,144.92,USD,A,0
TXN0009287,18-05-2024,CARD00605,MERC00385,ATM WITHDRAWAL,20.0,AED,A,1
TXN0005340,16-01-2024,CARD00157,MERC00236,PURCHASE,$424.72,INR,A,0
TXN0004930,45398,CARD00074,MERC00237,PURCHASE,35.23,SGD,A,0
TXN0008989,11-02-2024,CARD00605,MERC00089,PURCHASE,55.39,AED,A,0
TXN0013761,10-02-2024,CARD00543,MERC00252,PURCHASE,31.86,USD,A,0
TXN0013104,02-05-2024,CARD00341,MERC00334,PURCHASE,51.14,AUD,A,0
TXN0007784,26-06-2024,CARD00472,MERC00306,PURCHASE,43.79,JPY,A,0
TXN0012478,45427,CARD00366,MERC00094,PURCHASE  ,26.83,USD,A,0
TXN0015725,13-05-2024,CARD00681,MERC00349,PURCHASE,27.75,USD,A,0
TXN0005406,11-01-2024,CARD00723,MERC00380,ATM WITHDRAWAL  ,$300.00,JPY,A,0
TXN0014583,15-05-2024,CARD00579,MERC00035,PURCHASE,18.29,BRL,A,0
TXN0003303,04-04-2024,CARD00342,MERC00076,PURCHASE,86.69,INR,A,0
TXN0010718,24-05-2024,CARD00555,MERC00227,PURCHASE,7.49,MXN,A,0
TXN0012506,45424,CARD00096,MERC00142,PURCHASE,41.6,INR,A,0
TXN0000595,10-04-2024,CARD00386,MERC00368,BALANCE TRANSFER,1390.93,JPY,A,0
TXN0012688,45303,CARD00011,MERC00186,PURCHASE,278.89,EUR,A,0
TXN0010255,24-01-2024,CARD00407,MERC00162,PURCHASE,33.97,USD,A,0
TXN0008177,14-02-2024,CARD00573,MERC00011,BALANCE TRANSFER,767.71,INR,A,0
TXN0003542,26-02-2024,CARD00670,MERC00396,ATM WITHDRAWAL,100.0,EUR,A,0
TXN0005594,23-02-2024,CARD00055,MERC00284,PURCHASE,27.14,USD,A,0
TXN0012279  ,05-02-2024,CARD00478,MERC00351,PURCHASE,55.66,JPY,A,0
TXN0014040,45456,CARD00356,MERC00384  ,ATM WITHDRAWAL,40.0,USD,A,0
TXN0007120,45390,CARD00315,MERC00356,PURCHASE,22.17,AUD,A,0
TXN0015574,15-05-2024,CARD00234,MERC00143, PURCHASE ,$8.61,USD,A,0
TXN0006483,21-06-2024,CARD00253,MERC00113,PURCHASE,120.39,AUD,A,0
TXN0000591,04-03-2024,CARD00252,  MERC00156,PURCHASE,17.2,EUR,A,0
TXN0005984,11-06-2024,CARD00508,MERC00009,BALANCE TRANSFER,605.56,GBP,A,0
TXN0011134,18-03-2024,CARD00138,MERC00098,PURCHASE,$59.74,USD,A,0
TXN0007776,22-02-2024,CARD00664,MERC00295,PURCHASE,39.24,JPY,A,0
TXN0006987,06-06-2024,CARD00080,MERC00247,PURCHASE,37.2,USD,D,0
TXN0012908,17-05-2024,CARD00323,MERC00356,PURCHASE,15.46,AUD,A,0
TXN0000649,12-04-2024,CARD00523,MERC00158,PURCHASE,547.78,EUR,A,0
TXN0001525,14-04-2024,CARD00200,MERC00050,PURCHASE,54.96,MXN,A,0
TXN0005218,18-06-2024,CARD00138,MERC00303,PURCHASE,27.07,USD,A,0
TXN0009995,31-05-2024,CARD00036,MERC00189,PURCHASE,30.05,GBP,D,0
TXN0005368,15-04-2024,CARD00234,MERC00349,PURCHASE,53.16,USD,A,0
TXN0014656,18-05-2024,CARD00019,MERC00188,CASH ADVANCE,$202.63,GBP,A,1
 TXN0015004 ,25-02-2024,CARD00331,MERC00249,BALANCE TRANSFER,917.98,EUR,A,0
TXN0009884,07-04-2024,CARD00415,MERC00342,PURCHASE,86.9,CAD,A,0
TXN0013977,04-01-2024,CARD00724,MERC00330,PURCHASE,26.73,INR,A,0
TXN0000987,13-02-2024,CARD00283,MERC00371,ATM WITHDRAWAL,300.0,BRL,A,0
TXN0009114,07-02-2024,CARD00143,MERC00323,PURCHASE,53.63,INR,A,0
TXN0011628,18-05-2024,CARD00046,MERC00308,PURCHASE,92.82,EUR,A,1
TXN0002026,15-05-2024,CARD00160,MERC00075,PURCHASE,49.73,USD,A,0
TXN0014228,13-06-2024,CARD00524,MERC00217,PURCHASE,17.93,BRL,A,0
TXN0015985,45393,CARD00593,MERC00271,PURCHASE,106.72,BRL,A,0
TXN0002487,27-02-2024,CARD00365,MERC00035,PURCHASE ,67.11,INR,A,1
TXN0006028,45447,CARD00792,MERC00345,PURCHASE,33.23,EUR,A,0
TXN0006888,31-05-2024,CARD00328,MERC00025,PURCHASE,7.83,USD,A,0
TXN0006552,07-05-2024,CARD00717,MERC00250,PURCHASE,481.15,INR,A,0
TXN0005281,45442,CARD00659,MERC00382,ATM WITHDRAWAL,$300.00,JPY,A,0
TXN0003990,15-03-2024,CARD00368,MERC00398,ATM WITHDRAWAL,100.0,USD,A,0
TXN0004026,14-03-2024,CARD00634,MERC00326,PURCHASE,189.7,USD,A,0
TXN0006132,25-06-2024,CARD00705,MERC00294, PURCHASE ,140.49,INR,A,0
TXN0002141,05-02-2024,CARD00465,MERC00253,PURCHASE,9.42,SGD,A,0
TXN0012193,03-06-2024,CARD00279,MERC00391,ATM WITHDRAWAL,$60.00,SGD,A,1
TXN0015830,20-05-2024,CARD00743,MERC00066,PURCHASE,23.74,BRL,A,0
TXN0009757,12-01-2024,CARD00680,MERC00313,PURCHASE,86.77,BRL,A,0
TXN0015689,45398,CARD00296,MERC00016,PURCHASE,140.62,BRL,A,0
TXN0007595,22-01-2024,CARD00753,MERC00232,PURCHASE,26.44,USD,A,0
TXN0010014,14-04-2024,CARD00607,MERC00015,PURCHASE,54.95,USD,A,0
TXN0013510,09-03-2024,CARD00282,MERC00248,PURCHASE,275.21,SGD,A,0
TXN0007902,28-05-2024,CARD00363,MERC00338,PURCHASE,37.44,USD,A,0
TXN0004626,45371,CARD00594,MERC00266,PURCHASE,92.29,CAD,A,0
TXN0003480,30-01-2024,CARD00509,MERC00279,PURCHASE,66.79,USD,A,0
TXN0008032,08-06-2024,CARD00018,MERC00158,PURCHASE,69.29,EUR,A,0
TXN0000721,26-06-2024,CARD00725,MERC00383,ATM WITHDRAWAL,60.0,AUD,A,0
TXN0005125,27-05-2024,CARD00683,MERC00111,PURCHASE,47.83,EUR,A,0
TXN0013110,25-02-2024,CARD00085,MERC00119,PURCHASE,246.81,INR,A,0
TXN0015105,16-04-2024,CARD00757,MERC00365,PURCHASE,803.66,USD,A,0
TXN0011674,45336, CARD00685 ,MERC00336,PURCHASE,119.46,BRL,A,0
TXN0000494,16-01-2024,CARD00203,MERC00319,PURCHASE,21.91,USD,A,0
TXN0015229,10-04-2024,CARD00251,MERC00319,PURCHASE,34.39,USD,A,0
TXN0007407,22-02-2024,CARD00225,MERC00371,ATM WITHDRAWAL,40.0,BRL,A,0
TXN0010155,01-02-2024,CARD00023,MERC00011,PURCHASE,41.46,INR,A,0
TXN0004752,26-05-2024,CARD00325,MERC00128,BALANCE TRANSFER,422.2,GBP,A,0
TXN0008390,45431,CARD00558,MERC00021,PURCHASE,23.43,BRL,A,0
TXN0013840,08-02-2024,CARD00128,MERC00119,PURCHASE,812.2,INR,A,0
TXN0006742,16-01-2024,CARD00282,MERC00028,PURCHASE,129.32,SGD,A,0
TXN0008578  ,45319,CARD00222,MERC00350,PURCHASE,$49.23,GBP,A,0
TXN0004098,19-03-2024,CARD00270,MERC00355,PURCHASE,$51.27,SGD,A,0
TXN0013236,12-05-2024,CARD00020,MERC00233,PURCHASE,396.4,MXN,A,0
TXN0011723,14-05-2024,CARD00531,MERC00280,PURCHASE,40.62,BRL,A,0
TXN0007570,30-06-2024,CARD00005,MERC00105,PURCHASE,116.33,EUR,A,0
TXN0009158,45359,CARD00122,MERC00076,PURCHASE,59.25,INR,A,0
TXN0003451,45322,CARD00135,MERC00013,PURCHASE,111.7,INR,A,1
TXN0013714,15-06-2024,CARD00068,MERC00171,PURCHASE,92.47,USD,A,0
TXN0005568,03-02-2024,CARD00231,MERC00345,PURCHASE,163.34,BRL,A,1
TXN0000342,45386,CARD00445,MERC00374,ATM WITHDRAWAL,300.0,EUR,A,0
TXN0010148,08-03-2024,CARD00453,MERC00177,PURCHASE,26.29,SGD,A,0
TXN0013157,31-01-2024,CARD00110,MERC00316,PURCHASE,74.95,AUD,A,0
TXN0006314,02-05-2024,  CARD00356,MERC00376,ATM WITHDRAWAL,100.0,USD,A,1
TXN0001642,21-03-2024,CARD00652,MERC00244,PURCHASE,80.01,AUD,A,0
TXN0001204,18-04-2024,CARD00787,MERC00003,PURCHASE,60.48,GBP,A,0
TXN0003222,20-01-2024,CARD00362,MERC00156,PURCHASE,25.92,EUR,D,0
TXN0003539,06-04-2024,CARD00219,MERC00343,PURCHASE,58.19,EUR,A,0
TXN0011690,45345,CARD00541,MERC00190,PURCHASE,79.52,SGD,A,0
TXN0003794,22-03-2024,CARD00182  ,MERC00313,PURCHASE,128.32,BRL,A,0
TXN0002231,45329,CARD00667,MERC00006,PURCHASE,49.91,BRL,A,0
TXN0008098,22-02-2024,CARD00130,MERC00074,PURCHASE,74.22,AUD,A,0
TXN0010039,21-06-2024,CARD00620,MERC00280,PURCHASE,16.01,BRL,A,0
TXN0014818,29-01-2024,CARD00229,MERC00040,PURCHASE,39.54,BRL,D,0
TXN0008811,25-02-2024,CARD00231,MERC00313,PURCHASE,$219.25,BRL,A,0
TXN0002793,05-02-2024,CARD00013  ,MERC00162,PURCHASE,51.31,USD,A,0
TXN0013981,10-05-2024,CARD00671,MERC00168,PURCHASE,7.57,JPY,A,0
TXN0003069,20-04-2024,CARD00433,MERC00149,PURCHASE,$47.93,INR,A,0
TXN0010213,16-05-2024,CARD00516,MERC00068,BALANCE TRANSFER,664.84,BRL,A,0
TXN0005199,13-06-2024,CARD00798,MERC00123,PURCHASE,44.07,USD,A,0
TXN0013176,23-01-2024,CARD00122,MERC00054,PURCHASE,97.26,INR,A,0
TXN0007293,17-03-2024,CARD00696,MERC00236,PURCHASE,$153.42,INR,A,0
TXN0010446,21-05-2024,CARD00551, MERC00391 ,ATM WITHDRAWAL,60.0,USD,A,0
TXN0007091,01-01-2024,CARD00325,MERC00022,PURCHASE,32.46,GBP,A,0
TXN0006640,03-05-2024,CARD00491,MERC00131,PURCHASE,19.52,BRL,A,0
TXN0002381,10-03-2024,CARD00629,MERC00180,PURCHASE,137.58,USD,A,0
TXN0007759,04-01-2024,CARD00067, MERC00158 ,PURCHASE,25.7,EUR,A,0
TXN0014981,10-06-2024,CARD00373,MERC00166,PURCHASE,103.63,BRL,A,0
TXN0015636,45324,CARD00683,MERC00312,PURCHASE,178.72,EUR,A,0
TXN0001384,29-02-2024,CARD00517,MERC00022,PURCHASE,44.17,GBP,A,0
TXN0005452  ,24-03-2024,CARD00562,MERC00288,PURCHASE,74.48,USD,A,0
TXN0008019,02-01-2024,CARD00391,MERC00358,PURCHASE,44.9,MXN,A,0
TXN0005248,03-01-2024,CARD00605,MERC00379,ATM WITHDRAWAL,20.0,AED,A,1
TXN0007530,24-04-2024,CARD00615,MERC00207,PURCHASE,36.17,GBP,A,0
TXN0004831,29-03-2024,CARD00473,MERC00186,CASH ADVANCE,$787.41,EUR,A,0
TXN0007532,06-01-2024,CARD00687,MERC00323,PURCHASE,405.16,INR,A,0
TXN0006756,12-02-2024,CARD00475,MERC00219,PURCHASE,298.82,USD,A,0
  TXN0007166,45405,CARD00064,MERC00100,PURCHASE,34.85,INR,A,0
TXN0013257,45443,CARD00400,MERC00257,PURCHASE,28.22,INR,A,0
TXN0007419,15-02-2024,CARD00673,MERC00006,PURCHASE,$27.10,BRL,A,0
TXN0004656,45299,CARD00547,MERC00390  ,ATM WITHDRAWAL,60.0,MXN,A,0
TXN0014312,12-04-2024,CARD00256,  MERC00370,PURCHASE,235.31,JPY,A,0
TXN0009819,12-04-2024,CARD00300,MERC00261,PURCHASE,25.12,INR,A,0
TXN0001964,26-06-2024,CARD00010,MERC00193,PURCHASE,25.76,GBP,A,0
TXN0010756,04-06-2024,CARD00480,MERC00180,PURCHASE,$22.00,SGD,A,1
TXN0012681,09-05-2024,CARD00184,MERC00304,PURCHASE,30.33,EUR,A,0
TXN0011333,15-04-2024,CARD00158,MERC00310,PURCHASE,24.34,USD,A,0
TXN0004496,45305,CARD00701,MERC00111,PURCHASE,38.9,EUR,A,0
TXN0014660,18-03-2024,CARD00173,MERC00111,PURCHASE,212.14,JPY,A,1
TXN0000202,45372,CARD00286,MERC00186,PURCHASE,119.93,EUR,A,0
TXN0009783,21-06-2024,CARD00543,MERC00162,PURCHASE,22.85,USD,A,0
TXN0008767,12-02-2024,CARD00642,MERC00286,PURCHASE,127.87,GBP,A,0
TXN0000571,27-06-2024,CARD00079,MERC00304,PURCHASE,11.38,EUR,A,0
TXN0005632,19-01-2024,CARD00789,MERC00276,PURCHASE,19.3,INR,A,0
TXN0003572,45459,CARD00122,MERC00046,PURCHASE,$299.14,INR,A,0
TXN0002486,45420,CARD00326,MERC00212,PURCHASE,33.27,INR,A,0
 TXN0005870 ,28-04-2024,CARD00308,MERC00309,PURCHASE,62.35,USD,D,0
TXN0010584,22-03-2024,CARD00333,MERC00324,PURCHASE,80.37,EUR,A,0
TXN0015645,30-05-2024,CARD00733,MERC00179,PURCHASE,40.39,AUD,A,0
TXN0000272,06-02-2024,CARD00613,MERC00159,PURCHASE,25.32,USD,A,0
TXN0011957,02-03-2024,CARD00513,MERC00319,PURCHASE,$27.30,USD,A,0
TXN0014161,24-03-2024,CARD00075,MERC00195,PURCHASE,89.57,INR,A,0
TXN0004667,28-05-2024,CARD00762,MERC00330,PURCHASE,17.66,INR,A,0
TXN0000121  ,24-02-2024,CARD00483,MERC00138,PURCHASE,134.8,SGD,A,0
TXN0012666,08-04-2024,CARD00656,MERC00096,PURCHASE,35.07,EUR,A,0
TXN0015182,30-04-2024,CARD00517,MERC00191,PURCHASE,23.15,GBP,A,0
TXN0000045,18-01-2024,CARD00457,MERC00240,PURCHASE,87.47,AUD,A,0
TXN0000268,22-04-2024,CARD00435,MERC00349,PURCHASE,160.8,USD,A,0
TXN0003892,25-05-2024,CARD00446,MERC00138,PURCHASE,116.35,SGD,A,0
TXN0000334,45370,CARD00226,MERC00202,PURCHASE,241.59,USD,A,0
TXN0002530,03-06-2024,CARD00643,MERC00218,PURCHASE,341.06,USD,D,0
TXN0014053,25-04-2024,CARD00642,MERC00194,PURCHASE,48.83,GBP,A,0
TXN0010992,24-03-2024,CARD00451,MERC00270,PURCHASE,184.66,USD,A,0
TXN0014810,12-04-2024,CARD00794,MERC00342,PURCHASE,109.93,CAD,A,0
TXN0012111,28-04-2024,CARD00399,MERC00106,PURCHASE,103.02,USD,A,0
TXN0002999,24-01-2024,CARD00063,MERC00274,PURCHASE,269.71,INR,A,0
TXN0006575,08-06-2024,CARD00256,MERC00167,PURCHASE,9.49,JPY,A,0
TXN0013495,20-01-2024,CARD00248,MERC00184,PURCHASE,44.77,USD,A,0
TXN0003698,11-03-2024,CARD00207,MERC00160,BALANCE TRANSFER,1353.35,GBP,D,0
TXN0015733,22-05-2024,CARD00325,MERC00385,ATM WITHDRAWAL,150.0,GBP,A,0
TXN0006211,04-04-2024,CARD00591,MERC00385,ATM WITHDRAWAL,100.0,GBP,A,0
TXN0015535,17-05-2024,CARD00754,MERC00018,PURCHASE,167.51,MXN,A,1
TXN0011885,45387,CARD00752,MERC00358,PURCHASE,269.32,MXN,A,0
TXN0013823,45298,CARD00624,MERC00378,ATM WITHDRAWAL,150.0,CAD,A,1
TXN0008429,01-05-2024,CARD00679,MERC00270,PURCHASE,$19.97,USD,A,0
TXN0015265,17-05-2024,CARD00139,MERC00291,PURCHASE,26.18,EUR,A,0
TXN0015612,16-02-2024,CARD00426,MERC00220,PURCHASE,69.62,INR,A,0
TXN0005034,05-06-2024,CARD00149,MERC00205,PURCHASE,27.86,INR,A,0
TXN0003607,28-03-2024,CARD00608,MERC00025,PURCHASE,365.59,USD,A,0
TXN0008704,23-04-2024,CARD00543,MERC00091,PURCHASE,68.44,USD,A,1
TXN0014048,03-06-2024,CARD00412,MERC00357,PURCHASE,14.66,GBP,A,0
TXN0001357,09-05-2024,CARD00659,MERC00370,PURCHASE,298.83,JPY,A,0
TXN0008796,12-04-2024,CARD00621,MERC00070,PURCHASE,23.21,AUD,A,0
TXN0014672,06-05-2024,CARD00799,MERC00363,PURCHASE,28.55,AED,A,0
TXN0004948,07-06-2024,CARD00042,MERC00281,PURCHASE,20.88,USD,A,0
TXN0013452,45302,CARD00771,MERC00010,PURCHASE,54.21,CAD,A,0
TXN0015261,26-03-2024,CARD00368,MERC00209,PURCHASE,160.02,USD,A,0
TXN0015806,19-01-2024,CARD00282,MERC00136,PURCHASE,2095.32,SGD,A,1
TXN0012621,16-04-2024,CARD00364,MERC00301,PURCHASE,53.89,EUR,A,1
TXN0014239,12-06-2024,CARD00245,MERC00398,ATM WITHDRAWAL,150.0,USD,A,0
TXN0013687,23-05-2024,CARD00497,MERC00384,ATM WITHDRAWAL,40.0,USD,A,0
TXN0007434,45452,  CARD00216,MERC00236,PURCHASE,212.35,AED,A,1
TXN0000659,13-06-2024,CARD00697,MERC00193,PURCHASE,45.97,GBP,A,0
TXN0009036,15-04-2024,CARD00607,MERC00252,PURCHASE,60.37,USD,A,0
TXN0001081,20-02-2024,CARD00022,MERC00393,ATM WITHDRAWAL,20.0,USD,D,0
TXN0001190,15-03-2024,CARD00194,MERC00042,PURCHASE,11.15,USD,A,0
TXN0005780,26-05-2024,CARD00779,MERC00330,PURCHASE,16.83,INR,A,0
TXN0014463,16-01-2024,CARD00785,MERC00036  ,PURCHASE,59.8,GBP,A,1
TXN0011626,45431,CARD00081,MERC00181,PURCHASE,25.51,CAD,A,0
TXN0012274,18-03-2024,CARD00050,MERC00339,PURCHASE,40.1,EUR,A,0
TXN0006395,45361,CARD00456,MERC00204,PURCHASE,75.57,AUD,A,0
TXN0005372,18-02-2024,CARD00112,MERC00363,CASH ADVANCE,308.89,AED,A,0
TXN0008603,13-03-2024,CARD00738,MERC00215,PURCHASE,38.89,EUR,A,0
TXN0013632,25-03-2024,CARD00609,MERC00008,PURCHASE,$45.46,USD,A,0
TXN0015822,16-05-2024,CARD00446,MERC00253,PURCHASE,$34.29,SGD,A,0
TXN0006960,17-02-2024,CARD00046,MERC00343,PURCHASE,41.09,EUR,A,0
TXN0003891,14-01-2024,  CARD00608,MERC00319,PURCHASE,204.52,USD,A,0
TXN0014054,19-04-2024,CARD00113,MERC00189,BALANCE  TRANSFER,973.94,GBP,A,0
TXN0004252,19-03-2024,CARD00651,MERC00042,PURCHASE,71.46,INR,A,1
TXN0003167,12-04-2024,CARD00311,MERC00144,PURCHASE,22.27,USD,A,0
TXN0001618,24-05-2024,CARD00247,MERC00093,PURCHASE,24.97,JPY,A,0
TXN0014549,24-05-2024,CARD00524,MERC00095,PURCHASE,75.29,BRL,A,0
  TXN0015655,03-03-2024,CARD00609,MERC00025,BALANCE TRANSFER,647.99,USD,A,0
TXN0009696,01-02-2024,CARD00668,MERC00241,PURCHASE,25.29,BRL,A,0
TXN0005941,18-05-2024,CARD00732,MERC00005,PURCHASE,4.07,INR,A,0
TXN0005468,12-03-2024,CARD00097,MERC00088 ,CASH ADVANCE,340.93,USD,A,0
TXN0002237,03-04-2024,CARD00665,MERC00105,BALANCE TRANSFER,906.09,EUR,A,0
TXN0000509,02-01-2024,CARD00487,MERC00329,PURCHASE,88.3,INR,A,0
TXN0014189,45392,CARD00691,MERC00210,PURCHASE,62.18,CAD,A,0
TXN0013213,22-04-2024,CARD00563,MERC00187,PURCHASE,40.18,AUD,A,0
TXN0014210,18-05-2024,CARD00539,MERC00329,CASH ADVANCE,284.31,INR,A,0
TXN0009395,01-05-2024,CARD00497,MERC00247,PURCHASE,139.62,USD,A,0
 TXN0009513 ,29-05-2024,CARD00512,MERC00076,PURCHASE,97.9,INR,A,0
TXN0005262,01-02-2024,CARD00243,MERC00017,PURCHASE,$67.67,EUR,A,0
TXN0000330,01-01-2024,CARD00611,MERC00119,PURCHASE,53.45,INR,A,0
TXN0004616,05-01-2024,CARD00409,MERC00137,PURCHASE,27.34,JPY,A,0
TXN0001858,12-04-2024,CARD00056,MERC00359,PURCHASE,687.32,SGD,A,0
TXN0006155,30-01-2024,CARD00556,MERC00236,PURCHASE,84.76,INR,A,0
TXN0015059,20-01-2024,CARD00787,MERC00286,PURCHASE,63.01,GBP,D,0
TXN0004832,01-05-2024,CARD00024,MERC00356,PURCHASE,581.37,AUD,A,0
TXN0002794,10-05-2024,CARD00720,MERC00205,PURCHASE,27.37,INR,A,0
TXN0002030,15-06-2024,CARD00245,MERC00338,PURCHASE,518.38,USD,A,0
TXN0011033,20-06-2024,CARD00119,MERC00098,PURCHASE,567.67,USD,A,0
TXN0008340,18-03-2024,CARD00544,MERC00020,PURCHASE,29.9,USD,A,0
TXN0004991,16-05-2024,CARD00284,MERC00379,ATM WITHDRAWAL,100.0,GBP,A,1
TXN0014124,45413,CARD00652,MERC00240,PURCHASE,302.82,AUD,A,0
TXN0012141,28-01-2024,CARD00355,MERC00203,PURCHASE,155.16,USD,A,0
TXN0008974,09-06-2024,CARD00366,MERC00322,PURCHASE,196.89,USD,A,0
TXN0003490,06-06-2024,CARD00581,MERC00106,PURCHASE,13.19,USD,A,0
TXN0008931,14-05-2024,CARD00749,MERC00193,PURCHASE,16.11,GBP,A,0
TXN0001185,18-06-2024,CARD00012,MERC00070,BALANCE TRANSFER,711.13,AUD,A,0
TXN0015337,03-05-2024,CARD00759,MERC00112,PURCHASE,5.89,INR,A,0
TXN0010303,13-04-2024,CARD00428,MERC00134,PURCHASE,198.19,INR,A,0
TXN0010281,03-02-2024,CARD00709,MERC00143,PURCHASE,$32.27,USD,A,0
TXN0002564,45392,CARD00399,MERC00133,PURCHASE,65.26,USD,A,0
TXN0004138,12-01-2024,CARD00166, MERC00226 ,PURCHASE,24.61,GBP,A,0
TXN0003999,16-04-2024,CARD00074,MERC00253,PURCHASE,35.86,SGD,A,0
TXN0005064,45321,CARD00062,MERC00380,ATM WITHDRAWAL,150.0,JPY,A,0
TXN0002861,07-03-2024,CARD00616,MERC00194,PURCHASE,519.12,GBP,A,0
TXN0012523,06-06-2024,CARD00426,MERC00136,PURCHASE,207.75,INR,A,1
TXN0001967,28-05-2024,CARD00542,MERC00372,ATM WITHDRAWAL,$100.00,EUR,A,0
TXN0003756,09-05-2024,CARD00453,MERC00190,PURCHASE,22.62,SGD,A,0
TXN0012354,45375,CARD00581,MERC00184,PURCHASE,$54.53,USD,A,0
TXN0006231,15-06-2024,CARD00612,MERC00393,ATM WITHDRAWAL,60.0,USD,A,0
TXN0001177,24-05-2024,CARD00539,MERC00205,PURCHASE,52.26,INR,D,0
TXN0014852,02-01-2024,CARD00424,MERC00172,PURCHASE,5.62,JPY,A,0
TXN0002474,45311,CARD00050,MERC00312,PURCHASE,10.79,EUR,A,0
TXN0010612,02-06-2024,CARD00147,MERC00201,CASH ADVANCE,720.76,INR,A,1
TXN0008662,26-02-2024,CARD00486,MERC00345,PURCHASE,39.15,EUR,A,0
TXN0015042,13-01-2024,CARD00761,MERC00398 ,ATM WITHDRAWAL,60.0,USD,A,0
TXN0015460,13-02-2024,CARD00754,MERC00227,PURCHASE,72.99,MXN,D,0
TXN0013886,11-04-2024,CARD00355,MERC00087,PURCHASE,207.59,USD,A,0
TXN0014222,25-03-2024,CARD00297,MERC00129,PURCHASE,18.98,INR,A,0
TXN0000523,12-04-2024,CARD00381,MERC00018,BALANCE TRANSFER,813.97,USD,A,0
TXN0014939,08-04-2024,CARD00456,MERC00113,PURCHASE,49.07,AUD,A,0
TXN0006525,45296,CARD00048,MERC00163,PURCHASE,46.24,CAD,A,0
TXN0004767,07-06-2024,CARD00403,MERC00121,PURCHASE,972.26,EUR,A,0
TXN0013132,13-06-2024,CARD00393,MERC00136,PURCHASE,$14.92,BRL,A,0
TXN0008238,45315,CARD00147,MERC00257,PURCHASE,72.95,INR,A,0
TXN0001101,13-04-2024,CARD00696,MERC00139,PURCHASE,38.95,INR,A,0
TXN0003847,12-03-2024,CARD00468,MERC00282,PURCHASE,$41.04,AUD,A,1
TXN0003111,20-05-2024,CARD00595,MERC00087,PURCHASE,8.27,INR,A,1
TXN0006358,15-04-2024,CARD00353,MERC00345,BALANCE TRANSFER,571.5,EUR,A,0
TXN0007970,18-06-2024,CARD00117,MERC00372,ATM WITHDRAWAL,100.0,EUR,A,0
TXN0000215,19-06-2024,  CARD00146,MERC00226,CASH ADVANCE,233.45,GBP,A,0
TXN0002671,11-01-2024,CARD00635,MERC00201,PURCHASE,286.59,USD,A,0
TXN0013019,31-03-2024,CARD00474,MERC00236,PURCHASE,"$1,653.39",INR,A,0
TXN0009858,08-06-2024,CARD00768,MERC00240,PURCHASE,61.95,AUD,A,0
TXN0015664,22-05-2024,CARD00353,MERC00049,PURCHASE,54.3,EUR,A,0
TXN0004117,16-01-2024,CARD00560,MERC00280,PURCHASE,14.74,BRL,A,0
TXN0000688,45395,CARD00031,MERC00317,PURCHASE,19.57,USD,A,0
TXN0015424,18-06-2024,CARD00409,MERC00012,PURCHASE,123.15,JPY,A,1
TXN0001241,30-05-2024,CARD00332,MERC00233,PURCHASE,$53.62,MXN,A,0
TXN0003818,03-03-2024,CARD00045,MERC00032,PURCHASE,$124.20,INR,A,0
TXN0009810,13-03-2024,CARD00527,MERC00222,PURCHASE,29.49,EUR,A,0
TXN0010522,16-04-2024,CARD00249,MERC00130,PURCHASE,236.42,EUR,A,0
TXN0005768,45428,CARD00064,  MERC00282,PURCHASE,131.95,INR,A,0
TXN0002748,12-03-2024,CARD00220,MERC00030,PURCHASE,$15.07,USD,A,0
TXN0003997,10-01-2024,CARD00298,MERC00334,PURCHASE,27.26,AUD,A,0
TXN0008887,05-05-2024,  CARD00282,MERC00019,PURCHASE,707.73,SGD,A,1
TXN0003181,06-04-2024,CARD00286,MERC00207,PURCHASE,32.61,EUR,A,1
TXN0011428,25-04-2024,CARD00765,MERC00044,PURCHASE,31.95,MXN,A,0
TXN0014537,18-06-2024,CARD00696,MERC00090,PURCHASE,$70.23,INR,A,0
TXN0012096,12-06-2024,CARD00800,MERC00139,PURCHASE,52.79,INR,A,0
TXN0012500,45447,CARD00158,MERC00393,ATM WITHDRAWAL,40.0,USD,A,0
TXN0015280,31-01-2024,CARD00405,MERC00302,PURCHASE,20.78,INR,A,0
TXN0007011,45337,CARD00442,MERC00043,PURCHASE,36.72,INR,A,0
TXN0008367,19-05-2024,CARD00712,MERC00393,ATM WITHDRAWAL,200.0,USD,A,0
TXN0014978,14-03-2024,CARD00765,MERC00192,PURCHASE,$18.99,MXN,A,0
TXN0005455,31-05-2024,CARD00047,MERC00211,  PURCHASE,$36.01,INR,A,0
TXN0002798,26-03-2024,CARD00675,MERC00214,PURCHASE,$246.80,AED,A,0
TXN0009456,01-03-2024,  CARD00102,MERC00270,PURCHASE,75.24,USD,A,0
TXN0004155,24-03-2024,CARD00706,MERC00290,PURCHASE,70.18,INR,A,0
TXN0010749,11-03-2024,CARD00737,MERC00268,PURCHASE,192.6,INR,A,0
TXN0010286,07-03-2024,CARD00710,  MERC00210,PURCHASE,15.73,CAD,A,0
TXN0009509,45301,CARD00297,MERC00046,PURCHASE,33.89,INR,A,0
TXN0002716,07-03-2024,CARD00642,MERC00373,ATM WITHDRAWAL,60.0,GBP,A,0
TXN0014342,45412,CARD00565,MERC00149,PURCHASE,13.08,INR,A,0
TXN0000687,24-02-2024,CARD00161,MERC00240,PURCHASE,94.51,AUD,A,0
TXN0013863,45335,CARD00531,MERC00040,PURCHASE,$49.28,BRL,A,0
TXN0015118,07-04-2024,CARD00440,MERC00152,PURCHASE,37.82,INR,A,0
TXN0001613,12-03-2024,CARD00362,MERC00034,BALANCE TRANSFER,1284.27,EUR,A,1
TXN0008798,23-06-2024,CARD00250,MERC00044,PURCHASE,33.42,MXN,A,0
TXN0000053,20-06-2024,CARD00325,MERC00052,PURCHASE,76.31,GBP,A,0
TXN0009332,11-04-2024, CARD00579 ,MERC00313,PURCHASE,$13.48,BRL,A,0
TXN0015129,16-01-2024,CARD00215,MERC00140,PURCHASE,90.98,CAD,A,0
TXN0000352,45405,CARD00102,MERC00062,PURCHASE,23.18,USD,D,1
TXN0013118,07-02-2024,CARD00197,MERC00285,PURCHASE,83.92,GBP,A,0
TXN0010089,45401,CARD00716,MERC00390,ATM WITHDRAWAL,60.0,MXN,A,0
TXN0010315,21-03-2024,CARD00042  ,MERC00322,PURCHASE,91.13,USD,A,0
TXN0007083,29-06-2024,CARD00491,MERC00400,ATM WITHDRAWAL,150.0,BRL,A,0
TXN0008145,10-04-2024,CARD00731,MERC00181,BALANCE TRANSFER,770.16,EUR,A,1
TXN0010689,27-04-2024,CARD00526,MERC00275,PURCHASE,$42.17,MXN,D,0
TXN0015432,29-02-2024,CARD00052,MERC00037,PURCHASE,52.12,BRL,D,1
TXN0007685,17-06-2024,CARD00564,MERC00030,PURCHASE,40.13,USD,A,0
TXN0004182,10-06-2024,CARD00645,MERC00258,PURCHASE,584.65,INR,A,1
TXN0010806,17-06-2024,CARD00670,MERC00249,PURCHASE,101.97,EUR,A,0
TXN0005999,12-06-2024,CARD00088,MERC00203,PURCHASE,151.84,USD,A,0
TXN0002056,45305,CARD00422,MERC00335,PURCHASE,6.61,CAD,A,0
TXN0013478,19-02-2024,CARD00358,MERC00132,PURCHASE,53.5,INR,A,0
TXN0009408,06-04-2024,CARD00253,MERC00070  ,PURCHASE,109.93,AUD,A,0
TXN0000753,17-05-2024,CARD00088,MERC00320,PURCHASE,37.5,USD,A,0
TXN0013855,08-05-2024,CARD00300,MERC00134,PURCHASE,36.0,INR,A,0
TXN0015614,12-04-2024,CARD00772,MERC00062,PURCHASE,76.4,EUR,A,0
TXN0003117,27-05-2024,CARD00054,MERC00311,PURCHASE,12.37,AUD,A,0
TXN0005206,06-05-2024,CARD00107,MERC00364,PURCHASE,54.9,JPY,A,0
TXN0011137,45360,CARD00758,MERC00246,PURCHASE,360.41,USD,A,0
TXN0014804,06-05-2024,CARD00593,MERC00130,PURCHASE,44.75,BRL,A,1
TXN0013618,14-01-2024,CARD00255,MERC00383,ATM WITHDRAWAL,$100.00,AUD,A,0
TXN0006312,45376,CARD00119,MERC00303,PURCHASE,337.95,USD,A,0
TXN0011371,24-01-2024,CARD00737,MERC00376,ATM WITHDRAWAL,60.0,INR,A,0
TXN0002806,13-05-2024,CARD00283,MERC00371,ATM WITHDRAWAL,$100.00,BRL,A,0
TXN0012228,45403,CARD00221,MERC00237,PURCHASE,24.21,SGD,A,0
TXN0015094,20-01-2024,CARD00066,MERC00107,PURCHASE,691.37,CAD,A,0
TXN0006201,05-03-2024,CARD00245,MERC00373,ATM WITHDRAWAL,500.0,USD,A,1
TXN0014972,22-06-2024,CARD00603,MERC00324,PURCHASE,14.3,EUR,A,0
TXN0003200,13-06-2024,CARD00234,MERC00349,PURCHASE,73.05,USD,A,0
TXN0013313,45440,CARD00634,MERC00281,PURCHASE,144.06,USD,A,0
TXN0005384,14-01-2024,CARD00491,MERC00021,PURCHASE,37.47,BRL,A,0
TXN0012102,02-05-2024,CARD00633,MERC00031,PURCHASE,187.9,CAD,A,0
TXN0008791,18-02-2024,CARD00368,MERC00059,PURCHASE,78.38,USD,A,0
TXN0004018,14-05-2024,CARD00549,MERC00168,PURCHASE,68.57,JPY,A,0
TXN0014864,45466,CARD00423,MERC00249,PURCHASE,254.8,EUR,A,1
TXN0000812,05-02-2024,CARD00595,MERC00220,CASH ADVANCE,282.44,INR,A,0
TXN0001220,28-02-2024,CARD00179,MERC00271  ,PURCHASE,29.01,BRL,A,0
TXN0005501,04-03-2024,CARD00473,MERC00017,PURCHASE,11.53,EUR,A,0
TXN0008518,08-02-2024,CARD00503,MERC00156,PURCHASE,154.6,EUR,A,0
TXN0015821,03-04-2024,CARD00688,MERC00100,CASH ADVANCE,428.86,INR,A,0
TXN0000627,24-03-2024,CARD00247,MERC00364,PURCHASE,11.14,JPY,A,0
TXN0000631,17-03-2024,CARD00575,MERC00101,PURCHASE,93.09,AED,A,1
TXN0000396,17-03-2024,CARD00130,MERC00334,PURCHASE,21.68,AUD,A,0
TXN0003459,22-06-2024,CARD00419,MERC00336,PURCHASE,139.87,BRL,A,0
TXN0001554,26-02-2024,CARD00066,MERC00389,ATM WITHDRAWAL,20.0,CAD,A,1
TXN0000416,29-04-2024,CARD00486,MERC00366,PURCHASE,12.2,EUR,A,0
TXN0015204,14-02-2024,CARD00171,MERC00295,CASH ADVANCE,1756.5,JPY,A,0
TXN0010173,20-06-2024,CARD00212,MERC00204,PURCHASE,14.59,AUD,A,0
TXN0004758,02-01-2024,CARD00415,MERC00315,PURCHASE,60.3,CAD,A,0
TXN0014794,45390,CARD00259,MERC00004,PURCHASE,73.05,SGD,A,0
TXN0009901,04-01-2024,CARD00437,MERC00049,PURCHASE,55.04,EUR,A,0
TXN0005301,13-06-2024,CARD00480,MERC8895,PURCHASE,101.96,SGD,A,0
TXN0007172,13-05-2024,CARD00205,MERC00002,PURCHASE,49.67,INR,A,0
TXN0011855,11-03-2024,CARD00111,MERC00268,PURCHASE,21.88,INR,A,0
TXN0007763,06-03-2024,CARD00357, MERC00163 ,PURCHASE,52.74,CAD,A,0
TXN0011704,15-05-2024,CARD00346,MERC00066,PURCHASE,41.21,BRL,A,0
TXN0007550,45301,CARD00221,MERC00116,PURCHASE,127.71,SGD,A,0
TXN0005115,05-06-2024,CARD00252,MERC00312,CASH ADVANCE,223.47,EUR,A,0
TXN0004354,22-04-2024,CARD00247,MERC00172,PURCHASE,60.81,JPY,A,0
TXN0012693,11-01-2024,CARD00019,MERC00023,PURCHASE,190.19,GBP,A,1
TXN0011453,18-05-2024,CARD00672,MERC00121,PURCHASE,60.89,EUR,A,0
TXN0005851,13-03-2024,CARD00175,MERC00005,PURCHASE,33.77,INR,A,0
TXN0005855,45334,CARD00441,MERC00149,PURCHASE,442.2,INR,A,0
TXN0011772,45421,CARD00629,MERC00206,PURCHASE,35.68,USD,A,0
TXN0010642,09-04-2024,CARD00727,MERC00108,  PURCHASE,161.34,JPY,A,0
TXN0002018,31-03-2024,CARD00588,MERC00083,BALANCE TRANSFER,1299.24,USD,A,1
TXN0005626,05-05-2024,CARD00183,MERC00355,PURCHASE,27.44,SGD,A,0
TXN0000357,28-06-2024,CARD00387,MERC00009,PURCHASE,24.83,GBP,A,0
TXN0011470,09-02-2024,CARD00682,MERC00400,ATM WITHDRAWAL,40.0,BRL,A,0
TXN0015449,22-06-2024,CARD00344,MERC00389,ATM WITHDRAWAL,40.0,INR,A,0
TXN0000498,31-03-2024,CARD00344,MERC00126,PURCHASE,90.91,INR,A,0
TXN0013950,11-04-2024,CARD00148,MERC00130,PURCHASE,66.96,EUR,A,0
TXN0014055,20-03-2024,CARD00040,MERC00398,ATM WITHDRAWAL,300.0,USD,A,0
TXN0008197,18-01-2024,CARD00776,MERC00125,PURCHASE,23.74,USD,A,0
TXN0008125,28-04-2024,CARD00252,MERC00158,PURCHASE,56.27,EUR,A,0
TXN0007769,27-01-2024,CARD00560,MERC00095,PURCHASE,106.69,BRL,A,0
TXN0008568,03-04-2024,CARD00748,MERC00341,PURCHASE,184.19,USD,A,0
TXN0008057,05-05-2024,CARD00200,MERC00114,PURCHASE,$62.21,MXN,A,0
TXN0010412,07-06-2024,CARD00473,MERC00186,PURCHASE,$70.72,EUR,D,0
TXN0003158,02-03-2024,CARD00765,MERC00114,PURCHASE,9.26,MXN,A,0
TXN0009765,26-06-2024,CARD00036,MERC00254,PURCHASE,143.69,GBP,A,0
TXN0009678,20-05-2024,CARD00663,MERC00159,PURCHASE,110.49,USD,A,0
TXN0004888,21-06-2024,CARD00364,MERC00366,PURCHASE,37.34,EUR,A,0
TXN0011943,05-05-2024,CARD00447,MERC00259,CASH ADVANCE,$208.01,EUR,A,0
TXN0003154,22-06-2024,CARD00269,MERC00126,PURCHASE,32.69,USD,A,1
TXN0001163,14-04-2024,CARD00140,MERC00306, PURCHASE ,54.56,JPY,A,0
TXN0011378,01-01-2024,CARD00485,MERC00174,PURCHASE,35.27,USD,D,0
TXN0013679,23-05-2024,CARD00378,MERC00245,PURCHASE,9.9,AED,A,0
TXN0010550,01-03-2024,CARD00205,MERC00376,ATM WITHDRAWAL,40.0,INR,A,0
TXN0009452,21-03-2024,CARD00667,MERC00280,CASH ADVANCE,339.21,BRL,A,0
TXN0015246,25-01-2024,CARD00723,MERC00259,PURCHASE,43.76,JPY,A,1
TXN0013566,12-02-2024,CARD00373,MERC00016,PURCHASE,18.28,BRL,A,0
TXN0006718,28-04-2024,CARD00225,MERC00241,PURCHASE,184.83,BRL,A,0
TXN0007885,07-04-2024,CARD00757,MERC00393,ATM WITHDRAWAL,$500.00,USD,A,0
TXN0008085,14-04-2024,CARD00548,MERC00308,PURCHASE,93.82,USD,A,0
TXN0008999,29-05-2024,CARD00681,MERC00159,PURCHASE,41.06,USD,A,0
TXN0008299  ,31-01-2024,CARD00352,MERC00204,PURCHASE,82.02,AUD,A,0
TXN0001699,20-03-2024, CARD00776 ,MERC00020,PURCHASE,101.22,USD,A,0
TXN0015897,22-06-2024,CARD00055,MERC00278  ,BALANCE TRANSFER,963.95,USD,A,0
TXN0012103,45456,CARD00086,MERC00120  ,PURCHASE,167.04,USD,A,1
TXN0012435,30-06-2024,CARD00418,MERC00179,PURCHASE,517.96,AUD,A,0
TXN0011542,01-04-2024,CARD00250,MERC00065,PURCHASE,53.53,MXN,A,1
TXN0013874,11-05-2024,CARD00050,MERC00396,ATM WITHDRAWAL,60.0,EUR,A,0
TXN0005106,19-01-2024,CARD00151,MERC00222,PURCHASE,24.83,EUR,A,0
TXN0010703,45410,CARD00539  ,MERC00346,PURCHASE,29.5,INR,A,1
TXN0005659,22-06-2024, CARD00285 ,MERC00327,PURCHASE,47.53,EUR,A,0
TXN0011492,02-01-2024,CARD00104,MERC00286,PURCHASE,21.87,GBP,A,0
TXN0006974,14-04-2024,CARD00291,MERC00300,PURCHASE,26.49,JPY,A,0
TXN0010945,16-05-2024,CARD00499,MERC00086,PURCHASE,$17.09,MXN,A,0
TXN0003613,17-06-2024,CARD00199,MERC00075,PURCHASE,14.64,USD,A,0
TXN0009734,03-06-2024,CARD00067,MERC00111,PURCHASE,25.16,EUR,A,0
TXN0013988,23-04-2024,CARD00451,MERC00133,PURCHASE,72.17,USD,A,0
TXN0007049,30-01-2024,CARD00431,MERC00167,PURCHASE,69.75,JPY,A,0
TXN0002156,02-02-2024,CARD00467,MERC00296,PURCHASE,62.86,BRL,A,0
TXN0001457  ,17-03-2024,CARD00314,MERC00185,PURCHASE,8.39,GBP,A,0
TXN0005428,21-04-2024,CARD00325,MERC00292,PURCHASE,33.82,GBP,A,0
TXN0012257,09-05-2024,CARD00560,MERC00066,PURCHASE,50.69,BRL,A,0
TXN0008432,07-05-2024,CARD00073,MERC00400,ATM WITHDRAWAL,40.0,BRL,A,0
TXN0012711,05-03-2024,CARD00371,MERC00203,PURCHASE,40.97,USD,A,0
TXN0005188,21-03-2024,CARD00245,MERC00159,PURCHASE,396.91,USD,A,0
TXN0011091,16-06-2024,CARD00606,MERC00308,PURCHASE,138.02,USD,A,0
TXN0008828,13-01-2024,CARD00516,MERC00289,PURCHASE,71.87,BRL,A,0
TXN0004812,03-03-2024,  CARD00304,MERC00289,PURCHASE,13.67,BRL,A,0
TXN0004220,45414,CARD00300,MERC00212,PURCHASE,80.23,INR,A,0
TXN0001261,45383,CARD00200,MERC00358,PURCHASE,124.61,MXN,A,0
TXN0007617,20-01-2024,CARD00535,MERC00338,PURCHASE,48.02,USD,A,0
TXN0015874,45383,CARD00057,MERC00168,PURCHASE,80.54,INR,A,1
TXN0007211,19-05-2024,CARD00597,MERC00103,PURCHASE,21.86,EUR,A,0
TXN0015540,29-02-2024,CARD00472,MERC00172,PURCHASE,39.92,JPY,A,0
TXN0011379,07-03-2024,CARD00679,MERC00246,PURCHASE,74.24,USD,A,0
TXN0003693,45339,CARD00329,MERC00233,PURCHASE,16.94,MXN,A,0
TXN0004993,45393,CARD00682,MERC00131,PURCHASE,80.56,BRL,A,0
TXN0002547,19-02-2024,CARD00071,MERC00390,ATM WITHDRAWAL,100.0,MXN,A,0
TXN0004870,26-06-2024,CARD00215,MERC00260,PURCHASE,15.92,CAD,A,0
TXN0004069,45293,CARD00262,MERC00049,PURCHASE,46.98,EUR,A,0
TXN0009458,18-03-2024,CARD00671,MERC00091  ,PURCHASE,299.94,JPY,A,0
TXN0011355,30-03-2024,CARD00136,MERC00320,PURCHASE,46.66,USD,A,0
TXN0008934,27-02-2024,CARD00441,MERC00083,PURCHASE,382.36,INR,A,0
TXN0001665,14-06-2024,CARD00276,MERC00260,PURCHASE,38.29,CAD,A,0
TXN0003714,04-04-2024,CARD00288,MERC00199,  BALANCE TRANSFER,289.3,CAD,A,0
TXN0003095,23-04-2024,CARD00657,MERC00002,PURCHASE,16.29,INR,A,0
TXN0005873,17-04-2024,CARD00124,MERC00011, PURCHASE ,50.91,INR,A,0
TXN0011639,45469,CARD00248,MERC00206,PURCHASE,28.88,USD,A,0
TXN0008816,26-01-2024,CARD00030,MERC00384,ATM WITHDRAWAL,20.0,USD,A,0
TXN0015951,30-05-2024,CARD00510,MERC00294,PURCHASE,172.46,INR,A,0
TXN0004678,30-04-2024,CARD00516,MERC00289,PURCHASE,30.98,BRL,A,0
TXN0013514,22-01-2024,CARD00090,MERC00194,PURCHASE,85.09,GBP,A,0
TXN0011221,08-02-2024,CARD00603,MERC00223,PURCHASE,84.57,EUR,A,0
TXN0010438,30-05-2024,CARD00226,MERC00042,CASH ADVANCE,242.77,USD,A,0
TXN0012777,10-05-2024,CARD00597,MERC00122,PURCHASE,9.6,EUR,A,0
TXN0009372,29-06-2024,CARD00608,MERC00240,BALANCE TRANSFER,1364.36,USD,A,1
TXN0010348,30-01-2024,CARD00617,MERC00380,ATM WITHDRAWAL,20.0,CAD,A,1
TXN0003681,20-03-2024,CARD00600,MERC00320,PURCHASE  ,44.07,USD,A,0
TXN0008133,29-02-2024,CARD00072,MERC00347,PURCHASE,499.11,USD,A,1
TXN0011779,10-04-2024,CARD00026,MERC00079,CASH ADVANCE,315.64,USD,A,0
TXN0002228,15-04-2024,CARD00400,MERC00005,PURCHASE,32.21,INR,A,0
TXN0006655,26-04-2024,CARD00788,MERC00105,PURCHASE,43.49,EUR,A,0
TXN0011343,22-01-2024,CARD00622,MERC00148,PURCHASE,$109.37,USD,A,0
TXN0002028,45347,CARD00404,MERC00385,ATM WITHDRAWAL,$60.00,GBP,A,0
TXN0004125,22-01-2024,CARD00004,MERC00025,BALANCE TRANSFER,322.33,AED,A,1
TXN0014176,24-03-2024,CARD00718,MERC00019,PURCHASE,44.52,MXN,A,0
TXN0009265,07-05-2024,CARD00499,MERC00227,PURCHASE,100.78,MXN,A,0
TXN0015557,45460,CARD00202,MERC00319,PURCHASE,144.68,EUR,A,1
TXN0012154,45342,CARD00265,MERC00179,CASH ADVANCE,195.49,AUD,A,0
TXN0011965,14-03-2024,CARD00143,MERC00044,PURCHASE,$8.10,INR,A,1
TXN0009645,17-01-2024,CARD00765,MERC00293,PURCHASE  ,23.27,MXN,A,1
TXN0008063,19-05-2024,CARD00536,MERC00389,ATM WITHDRAWAL,100.0,INR,A,0
TXN0002778,03-04-2024,CARD00453,MERC00080,PURCHASE,56.44,SGD,A,0
TXN0001059,20-04-2024,CARD00762,MERC00212,PURCHASE  ,24.36,INR,A,0
TXN0004606,45438,CARD00249,MERC00345,PURCHASE,113.42,EUR,A,0
TXN0010080,18-02-2024,CARD00631,MERC8878,PURCHASE,36.17,AUD,A,0
TXN0009793,08-01-2024,CARD00123,MERC00246,PURCHASE,67.28,USD,A,0
TXN0004716,11-02-2024,CARD00039,MERC00392,ATM WITHDRAWAL,100.0,USD,A,0
TXN0013985,16-02-2024,CARD00549,MERC00167,PURCHASE,25.1,JPY,A,0
TXN0006618,17-01-2024,CARD00512,MERC00329,PURCHASE,13.91,INR,D,0
TXN0004097,02-01-2024,CARD00059,MERC00209,PURCHASE,25.21,USD,D,0
TXN0006479,15-03-2024,CARD00014,MERC00380,ATM WITHDRAWAL,$300.00,CAD,A,1
TXN0001696,24-01-2024,CARD00572,MERC00093,PURCHASE,67.97,JPY,A,0
TXN0013299,25-03-2024,CARD00402,MERC00257,PURCHASE,50.34,INR,A,0
TXN0007242,45365,CARD00545,MERC00054,PURCHASE,$122.39,INR,A,0
TXN0006223,05-05-2024,CARD00318,MERC00333,CASH ADVANCE,116.89,EUR,A,0
TXN0004981,45365,CARD00158,MERC00045,PURCHASE,24.77,USD,A,0
TXN0006285,28-01-2024,CARD00691,MERC00231,PURCHASE,61.99,CAD,A,0
TXN0012109,14-06-2024,  CARD00012,MERC00007,PURCHASE,81.8,AUD,A,0
TXN0003538,26-04-2024,CARD00262,MERC00372,ATM WITHDRAWAL,20.0,EUR,A,0
TXN0011055,45295,CARD00706,MERC00268,PURCHASE,109.38,INR,A,0
TXN0003085,17-04-2024,CARD00166,MERC00034,PURCHASE,23.75,GBP,A,1
TXN0000455,27-01-2024,CARD00064,MERC00076,PURCHASE,41.34,INR,A,0
TXN0003238,15-04-2024,CARD00564,MERC00051,PURCHASE,50.59,USD,A,0
TXN0007195,20-03-2024,CARD00057,MERC00092,CASH ADVANCE,207.3,INR,A,0
TXN0002542,17-04-2024,CARD00652,MERC00074,PURCHASE,333.16,AUD,A,0
TXN0012750,20-06-2024,CARD00487,MERC00169,PURCHASE,73.67,INR,A,0
TXN0005226,21-03-2024,CARD00651,MERC00239,PURCHASE,19.27,INR,A,1
TXN0000408,21-06-2024,CARD00191,MERC00278,PURCHASE,53.42,USD,A,0
TXN0005664,02-05-2024,CARD00440,MERC00149,PURCHASE,57.03,INR,A,0
TXN0004670,45350,CARD00660,MERC00065,PURCHASE,66.57,INR,A,0
TXN0007571,21-06-2024,CARD00787,MERC00026,PURCHASE,29.91,GBP,A,0
TXN0008939,28-06-2024,CARD00470,MERC00200,PURCHASE,45.73,USD,A,0
TXN0011219,01-02-2024,CARD00063,MERC00376,ATM WITHDRAWAL,100.0,INR,A,0
TXN0001189,10-01-2024,CARD00751,MERC00244,PURCHASE,55.3,AUD,A,0
TXN0004838,13-02-2024,CARD00268,MERC00080,PURCHASE,47.79,SGD,A,0
TXN0006510  ,14-06-2024,CARD00445,MERC00111,PURCHASE,2649.39,EUR,A,0
TXN0004817,45359,  CARD00774,MERC00292,PURCHASE,101.0,GBP,A,0
TXN0007286,22-02-2024,CARD00733,MERC00311,PURCHASE,75.19,AUD,A,0
TXN0009654,22-01-2024,CARD00590,MERC00062,PURCHASE,28.42,EUR,A,0
TXN0008608,12-02-2024,CARD00228,MERC00017,PURCHASE,$179.10,EUR,A,0
TXN0000031,45396,CARD00549,MERC00093,PURCHASE,96.88,JPY,A,0
TXN0001230,11-06-2024,CARD00491,MERC00053,PURCHASE,$30.69,BRL,A,0
TXN0000069,06-04-2024,CARD00723,MERC00251,PURCHASE,10.63,JPY,A,0
TXN0011313,04-02-2024,CARD00728,MERC00358,PURCHASE,70.96,MXN,A,0
TXN0010236,11-02-2024,CARD00415,MERC00188,PURCHASE,$42.26,CAD,A,1
TXN0013887,20-02-2024,CARD00513,MERC00338,PURCHASE,191.3,USD,A,0
TXN0011575,06-03-2024,CARD00080,MERC00133,BALANCE TRANSFER,1374.17,USD,A,0
TXN0011999,01-03-2024,CARD00275,MERC00308  ,PURCHASE,34.14,USD,A,0
TXN0012725,45320,CARD00613,MERC00153,PURCHASE,39.63,USD,A,0
TXN0004092,22-02-2024,CARD00692,MERC00192,PURCHASE,68.49,MXN,A,0
TXN0006656,06-01-2024,CARD00154,MERC00331,PURCHASE,22.25,USD,A,0
TXN0006877,05-05-2024,CARD00181,MERC00041,PURCHASE,39.95,SGD,A,0
TXN0015479,26-06-2024,  CARD00641, MERC00325 ,PURCHASE,14.95,CAD,A,0
TXN0001302,31-05-2024,CARD00675,MERC00262,PURCHASE,566.65,AED,A,0
TXN0009361,22-02-2024,CARD00064, MERC00290 ,PURCHASE,43.71,INR,A,0
TXN0008135,16-05-2024,CARD00658,MERC00139 ,PURCHASE,57.15,INR,A,0
TXN0011545,24-04-2024,CARD00253,MERC00073,PURCHASE,103.79,AUD,A,0
TXN0000881,08-06-2024,CARD00299,MERC00373,ATM WITHDRAWAL,100.0,CAD,A,1
TXN0012598,09-02-2024,CARD00754,MERC00033,PURCHASE,317.2,MXN,A,0
TXN0008960,21-04-2024,CARD00451,MERC00201,PURCHASE,22.71,USD,A,0
TXN0008414,16-01-2024,CARD00383,MERC00281,PURCHASE,42.56,USD,A,0
TXN0008825,26-05-2024,CARD00509,MERC00029,PURCHASE,36.04,USD,A,0
TXN0002639,15-06-2024,CARD00469,MERC00259,PURCHASE,81.23,EUR,A,0
TXN0012498,02-05-2024,CARD00558,MERC00061,PURCHASE,15.21,BRL,A,0
TXN0010459,28-05-2024,CARD00094,MERC00196,PURCHASE,68.16,EUR,A,0
TXN0008553,03-04-2024,CARD00788,MERC00259,PURCHASE,64.51,EUR,A,0
TXN0008335,04-06-2024,CARD00655,MERC00249,BALANCE TRANSFER,1148.32,EUR,A,0
TXN0012703,10-02-2024,CARD00149,MERC00165,PURCHASE,14.3,INR,A,1
TXN0011085,11-04-2024,CARD00761,MERC00331,PURCHASE,16.54,USD,A,0
TXN0015936,07-01-2024,CARD00045,MERC00323,BALANCE TRANSFER,533.45,INR,A,0
TXN0003094,16-01-2024,CARD00265,MERC00179,PURCHASE,$184.51,AUD,A,0
TXN0001124,25-02-2024,CARD00353,MERC00366,BALANCE TRANSFER,578.99,EUR,A,0
TXN0001648,16-05-2024,CARD00411,MERC00211,PURCHASE,6.77,INR,A,0
TXN0007370,26-05-2024,CARD00485,  MERC00284,PURCHASE,34.07,USD,D,0
TXN0010010,13-03-2024,CARD00217,MERC00163,PURCHASE,50.62,CAD,A,0
TXN0005548,19-01-2024,CARD00580,MERC00319,PURCHASE,60.34,USD,A,0
TXN0005621,29-02-2024,CARD00532,MERC00008,PURCHASE,147.75,USD,A,0
TXN0005749,23-04-2024,CARD00609,MERC00219,PURCHASE,63.59,USD,A,0
TXN0002365,20-06-2024,CARD00681,MERC00125,PURCHASE,18.5,USD,A,0
TXN0004916,45315,CARD00066,MERC00342,PURCHASE,331.03,CAD,A,0
TXN0008574,06-06-2024,CARD00339,MERC00164,PURCHASE,206.83,AUD,A,0
TXN0002823,21-05-2024,CARD00768,MERC00070,PURCHASE,18.54,AUD,A,0
TXN0014870,22-05-2024,CARD00025,MERC00108,PURCHASE,26.42,JPY,A,0
TXN0014057,21-03-2024,CARD00238,MERC00187,BALANCE TRANSFER,1906.91,AUD,A,0
TXN0015083,20-06-2024,CARD00552,MERC00186,CASH ADVANCE,84.85,EUR,A,0
TXN0007850,24-02-2024,CARD00657,MERC00083,PURCHASE,23.26,INR,A,0
TXN0011151,11-03-2024,CARD00088,MERC00029,PURCHASE,40.51,USD,A,0
TXN0015474,16-05-2024,CARD00567,MERC00287,PURCHASE,151.19,USD,A,1
TXN0010531,17-06-2024,CARD00033,MERC00278,PURCHASE,25.78,USD,A,0
TXN0012740,03-06-2024,CARD00093,MERC00114,PURCHASE,76.07,MXN,A,0
TXN0013045,09-03-2024,CARD00576,MERC00124,PURCHASE,59.31,JPY,A,0
TXN0008568,03-04-2024,CARD00748,MERC00341,PURCHASE,184.19,USD,A,0
TXN0010883,45438,CARD00382,MERC00186,PURCHASE,9.72,EUR,A,0
TXN0015717,03-05-2024,CARD00634,MERC00038,PURCHASE,372.57,USD,A,0
TXN0000284,20-06-2024,CARD00499,MERC00044,PURCHASE,95.27,MXN,A,0
TXN0008138,08-01-2024,CARD00234,MERC00058,CASH ADVANCE,206.72,USD,A,0
TXN0004086,04-02-2024,CARD00393,MERC00061,PURCHASE,57.75,BRL,A,0
TXN0000046,10-04-2024,CARD00374,MERC00294,PURCHASE,13.45,INR,A,0
TXN0010499,45325,CARD00339,MERC00164,PURCHASE,44.17,AUD,A,0
TXN0011415,08-02-2024,CARD00139,MERC00269,PURCHASE,21.67,EUR,A,0
TXN0004717,45458,CARD00583,MERC00364,PURCHASE,$53.78,JPY,A,0
TXN0007429,19-05-2024,CARD00571,MERC00201,PURCHASE,92.03,USD,A,0
TXN0013794,27-05-2024,CARD00131,MERC00065,PURCHASE,86.63,INR,A,0
TXN0000822,30-03-2024,CARD00497, MERC00279 ,PURCHASE,104.34,USD,A,0
TXN0005081,03-01-2024,CARD00053,MERC00341,PURCHASE,29.1,USD,A,0
TXN0012758,45323,CARD00226,MERC00391,ATM WITHDRAWAL,20.0,USD,A,0
TXN0013153,10-01-2024,CARD00431,MERC00370,PURCHASE,5.7,JPY,A,0
TXN0006409,24-04-2024,CARD00795,MERC00247,  PURCHASE,1282.84,USD,A,0
TXN0008590,28-01-2024,CARD00009,MERC8828,PURCHASE,28.74,USD,D,0
TXN0011410,11-05-2024, CARD00767 ,MERC00315,PURCHASE,8.44,CAD,A,0
TXN0014336,22-05-2024,CARD00334,MERC00214,PURCHASE,63.02,AED,A,0
TXN0013150,07-03-2024,CARD00150,MERC00002,PURCHASE,60.38,INR,A,0
TXN0015424,18-06-2024,CARD00409,MERC00012,PURCHASE,123.15,JPY,A,1
TXN0014739,02-04-2024,CARD00767,MERC00057,PURCHASE,9.31,CAD,A,0
TXN0009273,30-05-2024,CARD00295,MERC00070,PURCHASE,19.54,AUD,A,0
TXN0012710,03-06-2024,CARD00036,MERC00026,PURCHASE,65.46,GBP,A,0
TXN0013667,08-06-2024,CARD00717,MERC00352,PURCHASE,127.78,INR,A,0
TXN0000689,12-06-2024,CARD00782,MERC00318,PURCHASE,$116.12,INR,A,1
TXN0013239,05-01-2024,CARD00648,MERC00279,PURCHASE,59.77,USD,A,0
TXN0007503,21-03-2024,CARD00289, MERC00367 ,BALANCE TRANSFER,636.41,EUR,A,1
TXN0010630,45471,CARD00415,  MERC00001,  PURCHASE,49.76,CAD,A,0
TXN0009587,15-06-2024,CARD00642,MERC00254,PURCHASE,$36.31,GBP,A,0
TXN0012897,02-03-2024,CARD00671,MERC00351,PURCHASE,31.97,JPY,A,0
TXN0013466,22-02-2024,CARD00743,MERC00379,ATM WITHDRAWAL,300.0,BRL,A,0
TXN0011911,19-05-2024,CARD00345,MERC00215,PURCHASE,22.71,EUR,A,0
TXN0010406,24-05-2024,CARD00071,MERC00275,PURCHASE,78.81,MXN,A,0
TXN0006034,45472,CARD00472,MERC00168,PURCHASE,12.27,JPY,A,0
TXN0005148,45330,CARD00100,MERC00127,PURCHASE,52.6,GBP,A,0
TXN0002828,02-06-2024,CARD00503,MERC00146,PURCHASE,56.33,EUR,A,0
TXN0011688,14-05-2024,CARD00794,MERC00002, PURCHASE ,66.39,CAD,A,1
TXN0004681,45463,CARD00574,MERC00102,PURCHASE,1079.01,EUR,A,1
TXN0006713,26-06-2024,CARD00539,MERC00002,PURCHASE,16.03,INR,A,0
TXN0010648,06-06-2024,CARD00154,MERC00125,PURCHASE,101.36,USD,A,0
TXN0001338,10-01-2024,CARD00458,MERC00311,PURCHASE,49.57,AUD,A,0
TXN0010340,08-03-2024,CARD00073,MERC00068,PURCHASE,179.06,BRL,A,0
TXN0001324,45327,CARD00687,MERC00389,ATM WITHDRAWAL,150.0,INR,A,0
TXN0004693 ,19-01-2024,CARD00190,MERC00108,PURCHASE  ,60.5,JPY,A,0
TXN0011799,25-03-2024,CARD00029,MERC00209,PURCHASE,120.56,USD,A,0
TXN0011560,04-04-2024,CARD00269,MERC00144,PURCHASE,80.36,USD,A,0
TXN0015933,23-04-2024,CARD00770,MERC00188,PURCHASE,429.38,USD,A,0
TXN0014955,10-02-2024,CARD00704,MERC00073,PURCHASE,14.35,AUD,A,0
TXN0004453,12-03-2024,CARD00752,MERC00267,PURCHASE,159.34,MXN,A,0
TXN0010871,45293,CARD00724,MERC00329,BALANCE TRANSFER,241.36,INR,A,0
TXN0012571,14-06-2024,CARD00045,MERC00149,PURCHASE,74.25,INR,A,0
TXN0002451,05-02-2024,CARD00684,MERC00223,CASH ADVANCE,408.76,EUR,D,0
TXN0008503,29-03-2024,CARD00708,MERC00185,PURCHASE,40.36,GBP,A,0
TXN0010196,45419,CARD00224,MERC00084,PURCHASE,30.42,MXN,A,0
TXN0000185,29-01-2024,CARD00769,MERC00372,ATM WITHDRAWAL,$200.00,EUR,A,0
TXN0000730,11-05-2024,CARD00340,MERC00275,CASH ADVANCE,182.91,MXN,A,0
TXN0014228,13-06-2024,CARD00524,MERC00217,PURCHASE,17.93,BRL,A,0
TXN0013730,05-05-2024,CARD00466,MERC00235,PURCHASE,78.77,INR,A,1
TXN0001435,45361,CARD00055,MERC00384,ATM WITHDRAWAL,100.0,USD,A,0
TXN0015832,04-02-2024,CARD00795,MERC00192,PURCHASE,106.59,USD,A,1
TXN0010137,19-06-2024,CARD00056,MERC00080,PURCHASE  ,161.78,SGD,A,0
TXN0002899,18-05-2024,CARD00659,MERC00366,PURCHASE,167.0,JPY,A,1
TXN0004332,45303,CARD00250,MERC00050,PURCHASE,66.99,MXN,A,0
TXN0004682,06-05-2024,CARD00133,MERC00295,PURCHASE,$52.39,JPY,A,0
TXN0006407,20-02-2024,CARD00460,MERC00232,PURCHASE,15.87,USD,A,0
TXN0009494,27-03-2024,CARD00568,  MERC00059,PURCHASE,69.48,USD,A,0
TXN0008884,16-05-2024,CARD00717,MERC00011,PURCHASE,92.97,INR,A,0
TXN0011116,12-06-2024,CARD00553,MERC00324,PURCHASE,56.69,EUR,A,0
TXN0008919,09-01-2024,CARD00616,MERC00063,PURCHASE,$61.29,GBP,A,1
TXN0004792,22-03-2024,CARD00232,MERC00222,PURCHASE,52.59,EUR,A,0
TXN0005610,08-02-2024,CARD00749,MERC00194,PURCHASE,29.22,GBP,A,0
TXN0006187,12-05-2024,CARD00775,MERC00163,PURCHASE,70.59,CAD,A,0
TXN0011875,10-02-2024,CARD00528,MERC00177,PURCHASE,10.04,MXN,A,1
TXN0009536,14-01-2024,CARD00269,MERC00159,CASH ADVANCE,291.49,USD,A,0
TXN0009575,14-03-2024,CARD00171,MERC00300,PURCHASE,53.54,JPY,A,0
TXN0012971,05-02-2024,CARD00399,MERC00169,PURCHASE,74.17,USD,A,1
TXN0008733,20-06-2024,CARD00763  ,MERC00371,ATM WITHDRAWAL,60.0,BRL,A,0
TXN0000367,26-02-2024,CARD00127,MERC00338,PURCHASE,68.74,USD,A,0
TXN0002419,30-04-2024,CARD00722,MERC00244,PURCHASE,39.91,AUD,A,0
TXN0011771,13-05-2024,CARD00564,MERC00139,PURCHASE,11.08,USD,A,1
TXN0014456,22-04-2024,CARD00484,MERC00102,PURCHASE,141.44,INR,A,0
TXN0012268,31-01-2024,CARD00225  ,MERC00263,PURCHASE,27.93,BRL,A,0
TXN0001145,13-04-2024,CARD00372,MERC00244,PURCHASE,11.07,AUD,A,0
TXN0013542,01-02-2024,CARD00767,  MERC00047,PURCHASE,89.09,CAD,A,0
TXN0012967,27-05-2024,CARD00173,MERC00091,PURCHASE,340.56,JPY,A,0
TXN0015760,27-06-2024,CARD00371,MERC00014,PURCHASE,89.26,USD,A,0
TXN0013604,23-03-2024,CARD00240,MERC00066,PURCHASE,16.22,USD,A,1
TXN0012678,29-02-2024,CARD00476,MERC00007,PURCHASE,546.37,AUD,A,0
TXN0008810,15-01-2024,CARD00212,MERC00353,PURCHASE,34.37,AUD,A,0
TXN0000873,26-06-2024,CARD00742,MERC00034,PURCHASE,29.4,CAD,A,0
TXN0005054,19-01-2024,CARD00453,MERC00044,PURCHASE,155.39,SGD,A,1
TXN0005129,09-05-2024,CARD00102,MERC00310,PURCHASE,37.8,USD,A,0
TXN0008447,25-05-2024,CARD00136,MERC00094,PURCHASE,201.3,USD,A,0
TXN0006959,10-03-2024,CARD00296,MERC00371,ATM WITHDRAWAL,100.0,BRL,A,0
TXN0007510,07-04-2024,CARD00278,MERC00087, PURCHASE ,86.09,USD,A,0
  TXN0000198,01-01-2024,CARD00407,MERC00219,PURCHASE,237.71,USD,A,0
TXN0015510,25-04-2024,CARD00657,MERC00132,PURCHASE,74.65,INR,A,0
TXN0013194,15-06-2024,CARD00552,MERC00327,PURCHASE,33.69,EUR,A,0
TXN0006431,26-05-2024,CARD00379,MERC00173,PURCHASE,828.75,USD,A,0
TXN0002499,09-05-2024,CARD00096,MERC00257,PURCHASE,103.63,INR,A,0
TXN0015828,08-04-2024,CARD00640,MERC00172,PURCHASE,59.18,JPY,A,0
TXN0013076,12-02-2024,CARD00063,MERC00376,ATM WITHDRAWAL,150.0,INR,A,0
TXN0009899,06-03-2024,CARD00625,MERC00326,PURCHASE,55.55,USD,A,0
TXN0000460,12-06-2024,CARD00731,MERC00146,PURCHASE,14.04,EUR,A,0
TXN0002259,10-06-2024,CARD00604,MERC00222,PURCHASE,85.39,EUR,D,0
TXN0010164,21-04-2024,CARD00251,MERC00098,PURCHASE,45.64,USD,A,0
TXN0003241,14-04-2024,CARD00679,MERC00030,PURCHASE,118.37,USD,D,0
TXN0009063,30-05-2024,CARD00502,MERC00284,PURCHASE,35.52,USD,A,0
TXN0003706,04-05-2024,CARD00516,MERC00071,PURCHASE,17.57,BRL,A,1
TXN0011614,22-02-2024,CARD00580,MERC00338,PURCHASE,45.48,USD,A,0
TXN0009634,20-01-2024,  CARD00508,MERC00185,PURCHASE,$96.40,GBP,A,0
TXN0012032,06-05-2024,CARD00577,MERC00272,PURCHASE,82.38,GBP,A,0
TXN0000114,31-03-2024,CARD00663,MERC00346,PURCHASE,261.01,USD,A,1
TXN0000764,04-03-2024,CARD00564,MERC00200,PURCHASE,55.13,USD,A,0
TXN0005131,13-04-2024,CARD00235,MERC00113,PURCHASE,19.03,AUD,D,0
TXN0011208,09-06-2024,CARD00131,MERC00130,PURCHASE,133.75,INR,A,1
TXN0000981,11-02-2024,CARD00393,MERC00003,PURCHASE,77.32,BRL,A,1
TXN0002546,09-04-2024,CARD00759,MERC00205,PURCHASE,48.52,INR,A,0
TXN0010506,21-05-2024,CARD00303,MERC00172,PURCHASE,10.66,JPY,A,0
TXN0003243,20-05-2024,CARD00664,MERC00071,PURCHASE,27.2,JPY,A,0
TXN0000181,10-03-2024,CARD00659,MERC00069,PURCHASE,22.82,JPY,A,1
TXN0014175,21-04-2024,CARD00781,MERC00037,PURCHASE,100.22,CAD,A,0
TXN0001878,02-04-2024,CARD00465,MERC00389,ATM WITHDRAWAL,60.0,SGD,A,1
TXN0003422,11-02-2024,CARD00738,MERC00269,PURCHASE,84.45,EUR,A,0
TXN0002857,21-04-2024,CARD00329,MERC00101,PURCHASE,54.58,MXN,A,0
TXN0014877,11-05-2024,CARD00486,MERC00122,PURCHASE,$125.25,EUR,A,0
TXN0002359,19-04-2024,CARD00546,MERC00366,PURCHASE,$37.69,EUR,A,0
TXN0010026,10-06-2024,CARD00550  ,MERC00025,PURCHASE,68.59,USD,A,0
TXN0005911,25-02-2024,CARD00382,MERC00105,PURCHASE,36.52,EUR,A,0
TXN0000156,11-06-2024,CARD00210,MERC00396,ATM WITHDRAWAL,20.0,EUR,A,0
TXN0012726,09-06-2024,CARD00732,MERC00323,PURCHASE,132.25,INR,A,0
TXN0005005,01-02-2024,CARD00581,MERC00308,PURCHASE,113.76,USD,A,0
  TXN0009231,07-03-2024,CARD00232,MERC00222,PURCHASE,46.12,EUR,A,0
TXN0007752,08-01-2024,CARD00337,MERC00132,PURCHASE,13.8,AUD,A,1
TXN0012857,10-05-2024,CARD00407,MERC00396,ATM WITHDRAWAL,20.0,USD,A,1
TXN0009498,15-02-2024,CARD00547,MERC00192,PURCHASE,128.43,MXN,A,0
TXN0011946,19-02-2024,CARD00624,MERC00367,PURCHASE,20.82,CAD,A,0
TXN0009516,16-06-2024,CARD00357,MERC00314  ,PURCHASE,18.55,CAD,A,0
TXN0010828,28-04-2024,CARD00706,MERC00220,PURCHASE,56.39,INR,A,0
TXN0004157,07-01-2024,CARD00206,MERC00193,PURCHASE,62.06,GBP,A,0
TXN0010045,08-02-2024,CARD00395,MERC00191,PURCHASE,287.19,GBP,A,0
TXN0010625,10-02-2024,CARD00115,MERC00192,PURCHASE,43.19,MXN,A,0
TXN0001550,22-01-2024,CARD00764,MERC00166,PURCHASE,12.68,BRL,A,0
TXN0001380,20-01-2024,CARD00108,MERC00250 ,PURCHASE,105.84,USD,A,1
TXN0003209,29-05-2024,CARD00018,MERC00339,PURCHASE,70.75,EUR,A,0
TXN0003283,45450,CARD00326,MERC00329,BALANCE TRANSFER,977.61,INR,A,0
TXN0003152,22-03-2024,CARD00219,MERC00327,PURCHASE,28.81,EUR,A,0
TXN0009650,31-01-2024,CARD00162,MERC00220,PURCHASE,60.6,INR,A,0
TXN0004288,29-04-2024,CARD00039,MERC00143,PURCHASE,117.53,USD,D,0
TXN0001989,11-06-2024,CARD00446,MERC00041,PURCHASE,56.74,SGD,A,0
TXN0011239,04-06-2024,CARD00110,MERC00287,PURCHASE,54.49,AUD,A,0
TXN0001718,29-03-2024,CARD00531,MERC00095,PURCHASE,35.87,BRL,A,0
TXN0013169,02-02-2024,CARD00096,MERC00330,PURCHASE,33.51,INR,A,0
TXN0003926,05-06-2024,CARD00609,MERC00183,PURCHASE,55.13,USD,A,0
TXN0000189,26-02-2024,CARD00622,MERC00147 ,PURCHASE,18.98,USD,A,0
TXN0010259,11-06-2024,CARD00145,MERC00108,PURCHASE ,47.48,JPY,A,0
TXN0011675,02-06-2024,CARD00706,MERC00132,PURCHASE,91.62,INR,A,0
TXN0008520,16-02-2024,CARD00138,MERC00098,PURCHASE,273.66,USD,A,0
TXN0010754,09-03-2024,CARD00135,MERC00145,BALANCE TRANSFER,781.67,INR,A,0
TXN0002023,25-02-2024,CARD00794,MERC00115,PURCHASE,15.87,CAD,A,1
TXN0005637,09-03-2024,CARD00194,  MERC00281,PURCHASE,38.53,USD,A,0
TXN0005909,04-05-2024,CARD00412,MERC00185,PURCHASE,$92.85,GBP,A,0
TXN0007369,05-06-2024,CARD00442,  MERC00142,PURCHASE,91.51,INR,A,0
TXN0006934,45331,CARD00063,MERC00388,ATM WITHDRAWAL,60.0,INR,A,0
TXN0010380,24-03-2024,CARD00260,MERC00129,PURCHASE,25.08,USD,A,1
TXN0005056,13-06-2024,CARD00583,MERC00380,ATM WITHDRAWAL,20.0,JPY,A,0
TXN0009661,11-05-2024,CARD00562,MERC00162,PURCHASE,$42.05,USD,A,0
TXN0014288,26-05-2024,CARD00670,MERC8854,PURCHASE,63.92,EUR,A,0
TXN0006706,04-01-2024,CARD00301,MERC00357,CASH ADVANCE,155.24,GBP,A,0
TXN0000123,17-05-2024,CARD00322 ,MERC00223,PURCHASE,55.02,EUR,A,0
TXN0003953,02-06-2024,CARD00543,MERC00341,PURCHASE,53.62,USD,A,0
TXN0015221,12-04-2024,CARD00625,MERC00326,PURCHASE,50.56,USD,A,0
TXN0005336,01-04-2024,CARD00749,MERC00146,PURCHASE,149.08,GBP,A,1
TXN0002476,15-04-2024,CARD00623,MERC00392,ATM WITHDRAWAL,60.0,AED,A,1
TXN0006343  ,19-02-2024,CARD00215,MERC00181,PURCHASE,103.32,CAD,A,0
TXN0013473,04-05-2024,CARD00394,MERC00149,PURCHASE,13.51,BRL,A,1
TXN0012999,29-01-2024,CARD00798,MERC00098,PURCHASE,42.18,USD,A,0
TXN0004777,22-02-2024,CARD00235,MERC00316,PURCHASE,71.06,AUD,A,0
TXN0012370,29-06-2024,CARD00785,MERC00088,PURCHASE,60.83,GBP,A,1
TXN0008701,11-01-2024,CARD00760,MERC00212,PURCHASE,87.63,INR,A,0
TXN0006372,26-06-2024,CARD00336,MERC00013,PURCHASE,134.48,USD,A,0
TXN0003815,25-01-2024,CARD00600,MERC00219,PURCHASE,12.19,USD,A,0
TXN0000411,25-06-2024,CARD00365,MERC00142,PURCHASE,78.77,INR,A,0
TXN0006003,45336,CARD00037,MERC00088,CASH ADVANCE,417.95,USD,A,0
TXN0007260,24-04-2024,CARD00190,MERC00370,PURCHASE,23.42,JPY,A,0
  TXN0006893,12-03-2024,CARD00476,MERC00164,PURCHASE,63.2,AUD,A,0
TXN0007568,03-02-2024,CARD00418,MERC00311,PURCHASE,341.31,AUD,A,0
TXN0014653,45366,CARD00227,MERC00311,PURCHASE,52.42,AUD,A,0
TXN0014304,45442,CARD00090,MERC00194,PURCHASE,167.7,GBP,A,0
TXN0012017,29-06-2024,CARD00439,MERC00366,PURCHASE,133.34,EUR,A,0
TXN0008304,45318,CARD00299,MERC00163,PURCHASE,42.38,CAD,A,0
TXN0003840,27-05-2024,CARD00596,MERC00244,PURCHASE,52.68,AUD,A,0
TXN0013627,26-02-2024,CARD00721,MERC00077,BALANCE TRANSFER,1076.73,USD,A,1
TXN0015998,16-06-2024,CARD00380,MERC00101,PURCHASE,104.4,MXN,A,0
TXN0007031,45312,CARD00616,MERC00234,PURCHASE,67.07,GBP,A,0
TXN0010154,11-02-2024,CARD00123,MERC00281,PURCHASE,20.05,USD,A,0
TXN0012578,27-05-2024,CARD00649,MERC00225,PURCHASE,80.63,USD,A,0
TXN0008894,15-02-2024,CARD00717,MERC00388,ATM WITHDRAWAL  ,200.0,INR,A,0
TXN0001284,45450,CARD00317,MERC00214,PURCHASE,222.08,AED,A,0
TXN0004850,07-03-2024,CARD00632,MERC00210,BALANCE TRANSFER,948.75,CAD,A,0
TXN0006250,24-06-2024,CARD00568,MERC00391,ATM WITHDRAWAL,40.0,USD,A,0
TXN0005943,23-01-2024,CARD00259,MERC00396,ATM WITHDRAWAL,60.0,SGD,A,1
TXN0013066,02-05-2024,CARD00222,MERC00373,ATM WITHDRAWAL,150.0,GBP,A,0
TXN0003880,27-05-2024,CARD00287,MERC00200  ,PURCHASE,20.06,USD,A,0
TXN0013300,23-01-2024,CARD00533,MERC00233,BALANCE TRANSFER,1310.03,MXN,A,0
TXN0007625,01-05-2024,CARD00028,MERC00105,PURCHASE,22.54,EUR,D,0
TXN0011673,15-03-2024,CARD00772,MERC00291,PURCHASE,57.92,EUR,A,0
TXN0001574,20-03-2024,CARD00240  ,MERC00270,PURCHASE,244.58,USD,A,0
TXN0001443,06-01-2024,CARD00270,MERC00291,PURCHASE,43.29,SGD,A,1
TXN0003836,11-06-2024,CARD00712, MERC00144 ,PURCHASE,$450.66,USD,A,0
TXN0015345,19-04-2024,CARD00312,MERC00308,PURCHASE,255.98,USD,A,0
TXN0000875,22-04-2024,CARD00385,MERC00123,PURCHASE,$82.83,INR,A,1
TXN0006004,07-06-2024,CARD00239,MERC00376,ATM WITHDRAWAL,$100.00,INR,A,0
TXN0006937,19-03-2024,CARD00610,MERC00098,PURCHASE,68.43,USD,A,0
TXN0015924,12-01-2024,CARD00192,MERC00293,PURCHASE,$23.85,INR,A,0
TXN0015696,13-01-2024,CARD00628,MERC00388,ATM WITHDRAWAL,500.0,INR,A,0
TXN0011883,18-03-2024,CARD00170,MERC00029,PURCHASE,186.3,USD,A,0
TXN0014758,15-03-2024,CARD00533,MERC00033,PURCHASE,137.15,MXN,A,0
TXN0005609,22-04-2024,CARD00259,MERC00138,PURCHASE,19.09,SGD,A,0
TXN0015293,10-01-2024,CARD00020,MERC00358,PURCHASE,25.37,MXN,A,0
TXN0001974,31-01-2024,CARD00463,MERC00311,PURCHASE,24.86,EUR,A,1
TXN0009959,06-02-2024,CARD00197,MERC00254,PURCHASE,$35.44,GBP,A,0
TXN0007463,09-04-2024,CARD00303,MERC00109,PURCHASE,37.52,JPY,A,0
TXN0005562,02-01-2024,CARD00099,MERC00288,PURCHASE,66.47,USD,D,0
TXN0010488,18-06-2024,CARD00551,MERC00349,PURCHASE,68.01,USD,A,0
TXN0004642,45329,CARD00316,MERC00076,PURCHASE,24.71,INR,A,0
TXN0014241,25-04-2024,CARD00556,MERC00115,PURCHASE,141.84,INR,A,0
TXN0013319,13-06-2024,CARD00403,MERC00069,PURCHASE,101.78,EUR,A,0
TXN0001791,21-03-2024,CARD00779,MERC00361,PURCHASE,18.16,INR,A,0
TXN0001705,03-05-2024,CARD00426,MERC00054,BALANCE TRANSFER,1284.55,INR,A,0
TXN0013225,13-04-2024,CARD00407,MERC00079,PURCHASE,$180.08,USD,A,0
TXN0007030,11-06-2024,CARD00065, MERC00196 ,PURCHASE,167.08,EUR,A,0
TXN0008443,24-04-2024,CARD00042,MERC00265,PURCHASE,24.86,USD,A,0
TXN0004723,29-06-2024,CARD00714,MERC00171,BALANCE TRANSFER,621.87,USD,A,0
TXN0001048,16-05-2024,CARD00799,MERC00221,CASH ADVANCE,261.59,AED,A,0
TXN0008290,11-04-2024,CARD00367,MERC00328,PURCHASE,30.6,CAD,A,0
TXN0013092,29-04-2024,CARD00067,MERC00158,PURCHASE,46.12,EUR,A,0
TXN0002726,05-06-2024,CARD00093,MERC00390,ATM WITHDRAWAL,150.0,MXN,A,0
TXN0006254,12-06-2024,CARD00533,MERC00044,PURCHASE,$27.66,MXN,A,0
TXN0000821,30-01-2024,CARD00157,MERC00149,PURCHASE,$133.77,INR,A,0
